date,open,high,low,close,volume,turn
2012-5-3,2679.52,2693.87,2675.81,2691.52,59361088,72337334272
2012-5-4,2689.62,2716.03,2677.13,2715.87,63218088,73699549184
2012-5-7,2699.45,2717.78,2694.32,2717.78,68547312,82715672576
2012-5-8,2717.4,2717.83,2683.56,2709.12,63110840,73744498688
2012-5-9,2685.18,2685.18,2655.32,2657.51,58400284,69482577920
2012-5-10,2657.87,2667.67,2649.37,2657.21,46962576,54056951808
2012-5-11,2652.31,2666.57,2636.52,2636.91,41006144,49392898048
2012-5-14,2653.81,2656.28,2613.35,2615.53,52082484,60331294720
2012-5-15,2597.63,2618.17,2591.6,2617.37,45767272,51374759936
2012-5-16,2610.15,2612.62,2574.08,2574.64,43280272,47863537664
2012-5-17,2577.96,2619.59,2571.2,2613.93,43728388,49203908608
2012-5-18,2595.55,2603.18,2567.3,2573.98,43422124,46907510784
2012-5-21,2572.37,2604.22,2563.97,2587.23,38602088,44300406784
2012-5-22,2598.16,2627.6,2597.6,2627.53,42773528,49392414720
2012-5-23,2621.79,2635.78,2598.29,2616.87,43719532,52563402752
2012-5-24,2613.09,2630.4,2588.21,2595.26,42844064,50064441344
2012-5-25,2595.26,2602.16,2565.64,2573.1,39273004,41420083200
2012-5-28,2562.6,2614.85,2545.34,2614.68,56339276,58412343296
2012-5-29,2615.14,2658.26,2612.56,2650.85,72135640,78681505792
2012-5-30,2646.37,2655.15,2636.52,2642.26,51855436,56976277504
2012-5-31,2623.15,2645.59,2617.23,2632.04,44107468,49875042304
2012-6-1,2633.6,2653.86,2623.29,2633,44191056,53843402752
2012-6-4,2598.73,2608.32,2558.91,2559.03,52478504,60615569408
2012-6-5,2565.18,2573.88,2548.76,2558.84,37779912,43553304576
2012-6-6,2564.23,2573.74,2547.33,2557.39,33857696,41316909056
2012-6-7,2579.42,2584.04,2536.26,2542.17,34841184,42053001216
2012-6-8,2558.84,2559.12,2520.4,2524.33,43856424,47638007808
2012-6-11,2529.6,2565.42,2523.77,2558.27,40098260,43449655296
2012-6-12,2543.77,2553.91,2529.95,2540.17,37936676,40259911680
2012-6-13,2546.79,2581.11,2539.62,2580.63,45014568,51291271168
2012-6-14,2573.33,2584.71,2558.57,2560.41,40247936,46331822080
2012-6-15,2565.18,2580.16,2538.57,2568.05,42786080,48868302848
2012-6-18,2576.62,2593.22,2572.99,2581.21,35693628,40852451328
2012-6-19,2577.36,2577.36,2556.1,2558.62,32700552,37020041216
2012-6-20,2563.63,2570.65,2549.43,2552.61,29850640,33573670912
2012-6-21,2547.05,2547.05,2502.41,2512.18,35396732,38607958016
2012-6-25,2501.15,2501.15,2455.01,2456.52,40106736,42503507968
2012-6-26,2442.56,2465.12,2434.63,2454.91,31734008,33896511488
2012-6-27,2452.66,2470.76,2444.34,2447.2,30007552,31437596672
2012-6-28,2451.65,2459.18,2425.24,2425.73,30543112,34418794496
2012-6-29,2418.86,2462.82,2417.49,2461.61,37994940,40976539648
2012-7-2,2473.55,2473.97,2452.99,2465.24,40510080,45651476480
2012-7-3,2464.85,2490.55,2457.45,2468.72,38693352,45004652544
2012-7-4,2474.53,2481.34,2456,2464.91,34452144,37837660160
2012-7-5,2450.3,2450.3,2420,2430.37,34726144,35946205184
2012-7-6,2435.06,2477.23,2420.36,2472.61,49610604,56601780224
2012-7-9,2455.88,2470.21,2414.95,2416.04,49223304,54601732096
2012-7-10,2411,2426.53,2402.37,2406.71,35549984,38539026432
2012-7-11,2402.17,2427.8,2402.14,2425.57,37624312,39851892736
2012-7-12,2420.04,2460.56,2404.58,2449.17,56717692,65137537024
2012-7-13,2441.01,2467.99,2438.98,2450.62,36725256,42013581312
2012-7-16,2452.59,2452.59,2399.61,2399.73,42771872,45844881408
2012-7-17,2391.89,2421.92,2391.28,2414.2,33424328,38285443072
2012-7-18,2412.06,2420.78,2373.64,2414.34,41751788,44325490688
2012-7-19,2407.43,2444.06,2401.29,2424.32,46949052,47704039424
2012-7-20,2415.71,2423.8,2392.17,2398.46,37619752,36683624448
2012-7-23,2379.88,2379.88,2357.51,2365.42,32390368,33178929152
2012-7-24,2353.22,2392.35,2352.8,2375.99,30310080,31149105152
2012-7-25,2368.37,2381.04,2357.47,2360.08,24896500,25730598912
2012-7-26,2360.12,2374.87,2344.7,2347.49,31314094,31326394368
2012-7-27,2353.93,2364.98,2341.29,2349.11,31090524,33048182784
2012-7-30,2350.78,2367.03,2334,2335.79,30484852,29907972096
2012-7-31,2336.87,2350.07,2329.51,2332.91,32099724,31196332032
2012-8-2,2354.07,2358.56,2325.61,2334.87,31516160,29751166976
2012-8-3,2340.25,2354.15,2329.92,2353.74,29769784,31106947072
2012-8-6,2350.12,2388.36,2348.12,2385.61,41820664,43686686720
2012-8-7,2383.26,2390.78,2379.45,2388.87,38285488,40403709952
2012-8-8,2390.96,2405.17,2382.82,2389.8,37810452,41340862464
2012-8-9,2388.42,2412.13,2378.85,2411.7,35658952,43256098816
2012-8-10,2409.93,2413.41,2395.9,2399.75,34702996,40699224064
2012-8-13,2394.5,2394.5,2350.81,2351.92,44783544,46249676800
2012-8-14,2352.65,2357.85,2324.9,2357.02,39850064,42404687872
2012-8-15,2350.02,2350.02,2330.14,2331.61,30580176,30332555264
2012-8-16,2327.9,2335.39,2317.06,2319.66,25902904,27076003840
2012-8-17,2318.42,2322.88,2295.15,2313.48,26065716,28629966848
2012-8-20,2294.89,2307.4,2279.95,2301.79,27402032,27174817792
2012-8-21,2301.92,2327.37,2296.55,2313.7,34895100,34757869568
2012-8-22,2315.13,2317.37,2285.76,2295.59,31708412,31547518976
2012-8-23,2298.17,2311.64,2285.37,2302.2,31335342,33789603840
2012-8-24,2295.67,2299.3,2274.57,2275.67,31869592,32986337280
2012-8-27,2268.49,2268.49,2228.14,2228.2,37386192,35384156160
2012-8-28,2226.89,2250.6,2222,2238.4,33773616,30331076608
2012-8-29,2230.2,2240.11,2214.42,2214.81,29010648,27396186112
2012-8-30,2204.52,2223.2,2188.72,2211.37,35491312,33867206656
2012-8-31,2205.57,2218.87,2203.12,2204.87,25964986,23340892160
2012-9-3,2201.12,2236.56,2197.71,2228.37,38548592,35299176448
2012-9-4,2231.72,2234.87,2199.51,2204.4,34852688,33220204544
2012-9-5,2199.74,2209.54,2186.96,2199.87,34751824,30445168640
2012-9-6,2204.43,2218.67,2199.86,2217.82,31695884,26873315328
2012-9-7,2233.9,2341.52,2233.9,2317.17,94529760,84302249984
2012-9-10,2320.56,2334.5,2313.57,2326.66,65330552,63252037632
2012-9-11,2316.53,2316.53,2294.82,2311.88,46260720,43389767680
2012-9-12,2325.92,2337.2,2298.3,2320.07,49622520,46485176320
2012-9-13,2316.67,2325.53,2298.37,2298.46,42049848,38023999488
2012-9-14,2324.01,2332.41,2298.83,2315.54,61571816,55438614528
2012-9-17,2312.05,2314.99,2258.17,2258.71,48984736,43753168896
2012-9-18,2249.42,2253.13,2228.04,2235.24,33228696,30171496448
2012-9-19,2237.22,2249.24,2229.49,2246.24,34349704,32607010816
2012-9-20,2236.18,2236.18,2194.22,2195.95,42545780,38385856512
2012-9-21,2190.33,2217.47,2186.53,2199.06,38120592,34043367424
2012-9-24,2183.97,2225.8,2172.87,2215.52,37501688,33608761344
2012-9-25,2209.98,2225.33,2202.37,2210.14,27877020,26677063680
2012-9-26,2208.9,2216.82,2181.08,2184.88,27454626,24918917120
2012-9-27,2186,2266.3,2185.77,2251.72,53016900,48210579456
2012-9-28,2235.06,2297.03,2234.32,2293.11,57875824,54431465472
2012-10-8,2291.96,2305.17,2258.11,2270.05,35534424,33915840512
2012-10-9,2281.75,2327.73,2281.75,2320.15,52548888,48330194944
2012-10-10,2314.59,2325.75,2304.61,2324.12,42686240,37873995776
2012-10-11,2315.89,2321.35,2300.92,2302.53,41300656,36172963840
2012-10-12,2311.28,2332.14,2287.01,2304.53,36874144,33205903360
2012-10-15,2306.01,2307.87,2278.46,2294.86,28651746,28569022464
2012-10-16,2293.24,2315.45,2287.59,2298.15,32059680,32705140736
2012-10-17,2307.36,2312.16,2280.82,2300.8,33349408,31270899712
2012-10-18,2307.49,2341.12,2305.87,2336.08,50615100,45050294272
2012-10-19,2335.11,2342.53,2328.73,2332.47,35927732,33173030912
2012-10-22,2320.47,2347.89,2315.89,2341.59,34368288,32815273984
2012-10-23,2340.88,2344.04,2309.25,2312.08,37221272,33716877312
2012-10-24,2303.39,2321.42,2302.16,2307.78,37542444,30392377344
2012-10-25,2306.73,2322.91,2288.6,2291.24,44351532,33183528960
2012-10-26,2291.31,2293.17,2237.06,2247.9,40900520,34530066432
2012-10-29,2241.8,2248.13,2227.64,2235.85,27581324,25328650240
2012-10-30,2236.32,2257.95,2231.78,2239.87,34083124,29516627968
2012-10-31,2241.42,2256.09,2233.67,2254.82,37169796,30634360832
2012-11-1,2256.61,2305.62,2256.4,2297.87,50761728,45602140160
2012-11-2,2297.89,2309.66,2284.72,2306.77,39833288,34893877248
2012-11-5,2302.74,2318.23,2290.13,2301.87,39510372,33663152128
2012-11-6,2301.98,2304.05,2260.51,2292.21,39280628,34473381888
2012-11-7,2288.76,2300.88,2277.02,2287.51,33067404,30278449152
2012-11-8,2269.58,2275.39,2245.39,2245.4,35426476,30411864064
2012-11-9,2241.76,2252.2,2235.23,2240.91,30506968,24374278144
2012-11-12,2242.96,2254.7,2232.74,2251.85,34721684,29040822272
2012-11-13,2250.84,2250.84,2208.72,2212.43,34083704,28818452480
2012-11-14,2213.09,2225.12,2206,2223.11,26758790,23592323072
2012-11-15,2210.75,2220.99,2193.52,2193.62,28319152,23778695168
2012-11-16,2189.51,2191.61,2162.98,2177.24,30247786,26118246400
2012-11-19,2175.17,2176.49,2149.54,2174.99,26978666,26737221632
2012-11-20,2180.21,2184.33,2163.53,2164.87,23948916,22999195648
2012-11-21,2165.4,2195.46,2151.37,2194.89,30508482,27121950720
2012-11-22,2181.17,2185.58,2169.65,2177.55,22912352,21536153600
2012-11-23,2184.4,2202.47,2179.73,2192.67,28667492,26307629056
2012-11-26,2187.24,2191.36,2172.1,2175.6,24742696,22231498752
2012-11-27,2168.59,2173.46,2150.22,2150.63,31946746,26149734400
2012-11-28,2142.5,2144.8,2126.03,2129.15,30009340,24423321600
2012-11-29,2128.8,2140.87,2114.48,2115.67,29670624,24016257024
2012-11-30,2114.24,2142.86,2109.96,2139.65,36406912,28552065024
2012-12-3,2136.7,2152.61,2108.14,2108.85,40186760,34173652992
2012-12-4,2104.92,2135.65,2102.13,2131.47,36225916,31732336640
2012-12-5,2128.38,2219.09,2126.79,2207.87,82487104,69109047296
2012-12-6,2205.61,2216.98,2191.23,2203.6,48574688,42758569984
2012-12-7,2203.88,2250.53,2198.11,2246.76,76169744,64996499456
2012-12-10,2254.91,2276.28,2250.43,2271.05,73375472,61399773184
2012-12-11,2263.21,2274.99,2254.3,2258.5,51468704,45087981568
2012-12-12,2257.73,2273.21,2247.95,2267.77,45006456,39182536704
2012-12-13,2260.6,2266.72,2242.56,2242.63,41942100,36665683968
2012-12-14,2245.63,2357.11,2245.63,2355.86,110892560,93934739456
2012-12-17,2359.2,2380,2358.65,2366.7,94088192,85000822784
2012-12-18,2361.09,2398.62,2347.08,2368.12,85784848,78802837504
2012-12-19,2362.8,2387.13,2358.03,2371.11,63292528,61140746240
2012-12-20,2361.32,2391.91,2346.55,2384.82,65655464,63028690944
2012-12-21,2386.37,2414.22,2365.03,2372,68714160,66887708672
2012-12-24,2368.01,2396.73,2367.04,2381.22,53087004,54121541632
2012-12-25,2373.87,2459.3,2365.4,2448.39,95502352,89877774336
2012-12-26,2445.99,2458.01,2441.63,2457.62,71591824,68406243328
2012-12-27,2464.78,2479.79,2443.67,2444.59,73255064,69327601664
2012-12-28,2448.08,2481.59,2444.37,2480.05,67166320,66053287936
2012-12-31,2485.56,2522.95,2485.56,2522.95,82002296,81149083648
2013-1-4,2551.81,2558.53,2498.88,2524.4,97988184,95579242496
2013-1-7,2518.05,2545.97,2511.6,2535.99,75167992,73167511552
2013-1-8,2534.64,2540.51,2502.49,2525.33,71837104,76498059264
2013-1-9,2518.1,2534.24,2504.3,2526.12,70231168,74233593856
2013-1-10,2525.59,2553.35,2513.73,2530.57,71085864,71159046144
2013-1-11,2533.5,2539.79,2473.7,2483.23,74239176,72775925760
2013-1-14,2474.17,2583.62,2474,2577.73,93554088,96853475328
2013-1-15,2579.12,2605.4,2576.91,2595.86,98620808,1.01E+11
2013-1-16,2591.36,2600.09,2540.52,2577.09,93536080,95564996608
2013-1-17,2570.71,2575.06,2539.66,2552.76,69915240,71716118528
2013-1-18,2568.68,2607.45,2553.45,2595.43,77940304,77435166720
2013-1-21,2605.64,2611.2,2582.64,2610.89,84133744,85357445120
2013-1-22,2610.38,2620.03,2578.17,2596.89,105766272,1.02E+11
2013-1-23,2588.2,2611.4,2576.36,2607.46,75739440,72758927360
2013-1-24,2606.42,2663.39,2564.21,2582.76,111277168,1.10E+11
2013-1-25,2580.87,2591.51,2567.11,2571.66,58487360,60689375232
2013-1-28,2577.27,2651.97,2577.27,2651.86,91274792,98173272064
2013-1-29,2655.37,2685.53,2646.14,2675.87,101040232,1.09E+11
2013-1-30,2678.42,2689.67,2662.06,2688.71,99874992,1.01E+11
2013-1-31,2690.95,2696.87,2671.33,2686.87,96740104,94476820480
2013-2-1,2677.18,2744.32,2671.27,2743.32,103879512,1.11E+11
2013-2-4,2753.68,2768.5,2731.08,2748.03,127939176,1.36E+11
2013-2-5,2727.92,2779.95,2725.36,2771.67,116130816,1.13E+11
2013-2-6,2771.9,2787.46,2765.74,2775.84,82779272,88989581312
2013-2-7,2771.53,2775.97,2722.87,2759.87,89978144,95978594304
2013-2-8,2755.64,2791.3,2747.95,2771.73,77429648,82903629824
2013-2-18,2784.07,2787.74,2731.51,2737.47,76438224,81001365504
2013-2-19,2735.05,2740.74,2674.34,2685.61,80626432,82460811264
2013-2-20,2686.09,2703.1,2665.23,2702.63,70019376,73636364288
2013-2-21,2675.74,2675.74,2584.76,2610.55,100657984,1.04E+11
2013-2-22,2607.64,2618.48,2591.14,2596.6,60204852,65899102208
2013-2-25,2607.14,2628.7,2590.79,2604.96,53161944,55614492672
2013-2-26,2587.37,2631.09,2564.66,2567.59,80003064,83373957120
2013-2-27,2576.05,2615.25,2569.37,2594.67,63226744,64612274176
2013-2-28,2611.93,2673.71,2594,2673.33,86922592,92235374592
2013-3-1,2671.84,2680.85,2627,2668.84,73343752,80342745088
2013-3-4,2619.41,2619.57,2528.68,2545.72,110619104,1.13E+11
2013-3-5,2547.88,2623.16,2541.77,2622.81,89661152,92357132288
2013-3-6,2634.87,2658.13,2620.42,2650.2,95829648,95048892416
2013-3-7,2639.78,2658.97,2592.87,2619.48,94082664,96498098176
2013-3-8,2622.67,2632.62,2601.96,2606.92,59429556,63054594048
2013-3-11,2600.28,2611.64,2574.16,2592.37,50946436,52460900352
2013-3-12,2590.38,2619.51,2530.25,2555.61,71935144,71675125760
2013-3-13,2551.73,2556.77,2515.06,2527.49,56430460,56003723264
2013-3-14,2517.75,2546.7,2514.46,2534.27,47605756,49929777152
2013-3-15,2533.72,2600.09,2504.46,2539.87,81372184,82749874176
2013-3-18,2526.08,2544.62,2499.83,2502.49,59812776,63093555200
2013-3-19,2507.39,2532.07,2491.85,2525.1,54536476,55601012736
2013-3-20,2526.97,2610.16,2526.83,2610.16,90700624,91271020544
2013-3-21,2611.58,2626.54,2598.51,2614.99,69552752,71642669056
2013-3-22,2612.26,2625.53,2603.34,2618.31,55647140,55882141696
2013-3-25,2628.4,2641.61,2607.61,2613.1,56261400,58004930560
2013-3-26,2601.96,2607.36,2554.97,2575.05,63962960,65306570752
2013-3-27,2575.73,2611.93,2566.34,2583.53,56906516,58652246016
2013-3-28,2535.99,2535.99,2495.08,2499.3,87578408,84725899264
2013-3-29,2502.78,2509.11,2482.49,2495.08,52402136,52055539712
2013-4-1,2486.42,2507.82,2483.73,2493.18,47346024,47159820288
2013-4-2,2495.84,2524.46,2475,2486.38,55684152,55637393408
2013-4-3,2493.87,2507.13,2474.92,2483.55,45564220,45156720640
2013-4-8,2443.24,2473.31,2429.5,2472.3,53296772,55249297408
2013-4-9,2477.29,2505.29,2477.29,2489.42,52389824,54947037184
2013-4-10,2487.98,2495.57,2466.18,2485.31,47504912,51963822080
2013-4-11,2502.5,2508.59,2476.39,2477.87,42989960,43039948800
2013-4-12,2476.32,2489.12,2460.17,2462.11,39917280,40428048384
2013-4-15,2453.97,2461.66,2430.14,2436.82,46539736,44084842496
2013-4-16,2419.51,2461.05,2416.62,2459.59,55280612,53783257088
2013-4-17,2457.87,2465.2,2437.34,2458.47,44692164,46800830464
2013-4-18,2440.71,2478.4,2434.73,2464.85,42860708,46270136320
2013-4-19,2469.95,2542.45,2469.32,2533.83,75520880,76723675136
2013-4-22,2525.11,2539.05,2518.26,2530.66,62511884,63027023872
2013-4-23,2532.2,2532.2,2448.2,2449.47,60653984,61576159232
2013-4-24,2452.78,2511.2,2446.59,2495.58,63050916,62189420544
2013-4-25,2486.86,2505.48,2456.57,2467.87,60557928,59891286016
2013-4-26,2477.72,2488.59,2439.8,2447.31,47123376,46351986688
2013-5-2,2434.6,2453.75,2423.08,2449.63,47016088,47200448512
2013-5-3,2457.54,2521.12,2457.54,2492.9,62330092,63267041280
2013-5-6,2502.98,2533.86,2500.46,2525.98,60418780,61767950336
2013-5-7,2519.36,2539.3,2507.76,2529.93,54490644,59244949504
2013-5-8,2542.27,2562.01,2531.25,2542.8,59554296,60309147648
2013-5-9,2542.37,2543.3,2507.79,2527.79,60240144,64438292480
2013-5-10,2519.52,2546.98,2515.15,2540.84,48816728,50896691200
2013-5-13,2542.4,2547.6,2516.73,2530.77,54092148,55155093504
2013-5-14,2526,2526.14,2479.87,2493.34,54880064,56144572416
2013-5-15,2493.97,2507.42,2491.92,2506.92,44189660,47578587136
2013-5-16,2501.12,2553.06,2487.76,2552.71,70796184,76830433280
2013-5-17,2550.45,2598.71,2547.78,2592.05,81850800,83599368192
2013-5-20,2597.14,2627.62,2590.05,2609.61,86337800,94059413504
2013-5-21,2607.38,2617.39,2594.25,2614.85,71505992,75837816832
2013-5-22,2613.4,2630.07,2603.75,2618.03,74191816,78224130048
2013-5-23,2604.92,2624.08,2579.35,2582.85,84825368,81359904768
2013-5-24,2591.41,2608.35,2572.87,2597.23,60739668,62831235072
2013-5-27,2593.52,2611.97,2589.74,2599.59,64195080,66701651968
2013-5-28,2600.62,2644.36,2585.89,2644.36,84196112,86756737024
2013-5-29,2648.92,2661.23,2640.87,2642.56,79277712,81953849344
2013-5-30,2633.96,2647.43,2623.58,2634.32,70146368,71045062656
2013-5-31,2638.71,2645.57,2604.75,2606.42,62528532,65904435200
2013-6-3,2605.97,2625.93,2596.05,2602.62,59774468,63008706560
2013-6-4,2600.5,2600.5,2556.06,2565.66,66315752,63139422208
2013-6-5,2565.33,2570.03,2545.18,2560.54,45637192,47367057408
2013-6-6,2552.82,2557.67,2525.31,2527.84,52496528,54448111616
2013-6-7,2526.9,2538.88,2475.68,2484.15,61030896,61366173696
2013-6-13,2448.72,2448.72,2375.2,2399.93,69730064,64081596416
2013-6-14,2404.41,2420.36,2396.49,2416.77,55964536,53686779904
2013-6-17,2422.76,2427.53,2394.38,2403.84,50395712,51983757312
2013-6-18,2413.09,2424.2,2393.32,2418.75,48630380,48792088576
2013-6-19,2408.28,2408.28,2366.35,2400.77,54346260,52979990528
2013-6-20,2386.1,2386.1,2320.23,2321.47,55201020,52171735040
2013-6-21,2283.14,2332.84,2269.57,2317.38,58705800,53486133248
2013-6-24,2308.07,2308.07,2164.32,2171.21,86597256,73731932160
2013-6-25,2146.05,2169.21,2023.17,2165.41,107554880,87090397184
2013-6-26,2170.33,2181.02,2131.86,2168.3,79256424,67298430976
2013-6-27,2172.85,2200.21,2153.17,2160.74,75406752,62927081472
2013-6-28,2149.03,2227.46,2139.37,2200.63,79451328,64106049536
2013-7-1,2187.09,2213.97,2166.35,2213.32,57726228,51874734080
2013-7-2,2211.8,2226.11,2191.8,2221.98,61838848,59632902144
2013-7-3,2211.04,2211.04,2169.13,2203.83,65836024,59536760832
2013-7-4,2187.17,2245.9,2176.08,2221.98,72581144,67189379072
2013-7-5,2227.35,2252.03,2225.05,2226.85,61821776,58424401920
2013-7-8,2194.41,2205.21,2162.18,2163.62,54782492,49288253440
2013-7-9,2160.7,2174.79,2149.79,2162.66,41494432,37246189568
2013-7-10,2163.1,2224.13,2157.47,2224.07,61149780,54373756928
2013-7-11,2232.15,2351.22,2232.15,2326.68,125793192,1.11E+11
2013-7-12,2319.02,2331.99,2274.07,2275.37,89733080,82064556032
2013-7-15,2289.76,2336.04,2274.66,2307.3,74757888,71796187136
2013-7-16,2300.83,2317.85,2281.93,2317.85,65624156,62085632000
2013-7-17,2311.43,2326.92,2281.61,2282.84,67655248,63229063168
2013-7-18,2272.95,2282.43,2241.92,2245.33,57144292,51937234944
2013-7-19,2248.12,2257.91,2188.75,2190.48,70535280,66179072000
2013-7-22,2170.09,2203.06,2159.81,2202.18,53283496,48872947712
2013-7-23,2211.59,2276.74,2206.76,2265.84,74809728,69255421952
2013-7-24,2253.37,2265.58,2217.18,2249.14,69592304,69279825920
2013-7-25,2255.22,2268.84,2227.85,2237.67,65774316,60558364672
2013-7-26,2226.42,2238.41,2209.81,2224.01,48941096,45636071424
2013-7-29,2205.08,2205.08,2169.02,2175.97,54600924,49624612864
2013-7-30,2184.01,2221.59,2162.98,2189.38,55193624,50907226112
2013-7-31,2211.75,2235.37,2187.21,2193.02,48327056,46723493888
2013-8-1,2206,2245.56,2200.62,2245.36,62603996,58944765952
2013-8-2,2263.5,2274.71,2244.25,2247.26,60890892,58460000256
2013-8-5,2249.98,2278.33,2243.22,2278.33,55342152,53623070720
2013-8-6,2270.66,2302.48,2256.72,2293.63,73746896,68993572864
2013-8-7,2292.37,2313.87,2276.86,2280.62,73048696,69560483840
2013-8-8,2277.25,2297.62,2267.07,2276.78,53098432,52710277120
2013-8-9,2288.51,2301.59,2258.33,2286.01,64600016,62663979008
2013-8-12,2296.22,2352.88,2293.17,2352.79,97863216,94038908928
2013-8-13,2352.87,2360.83,2340.73,2359.07,78393632,71178518528
2013-8-14,2362.62,2386.6,2340.83,2349.08,75942128,71338221568
2013-8-15,2348.84,2362.09,2319.78,2321.58,61951852,59411202048
2013-8-16,2314.26,2423.08,2295.02,2304.13,120369560,1.04E+11
2013-8-19,2286.2,2340.18,2284.08,2331.42,72483224,67064926208
2013-8-20,2325.86,2353.4,2303.66,2312.47,73086344,67589705728
2013-8-21,2320.58,2321.63,2291.05,2308.59,55007384,50886496256
2013-8-22,2302.66,2329.13,2297.02,2303.92,55338104,51686309888
2013-8-23,2314.87,2321.04,2251.91,2286.92,68967136,65459847168
2013-8-26,2294.76,2336.37,2288.5,2335.62,70371040,66541010944
2013-8-27,2332.8,2345.11,2322.46,2340.87,65990332,62575378432
2013-8-28,2326.1,2345.36,2307.04,2328.06,89256176,80965566464
2013-8-29,2338.56,2342.32,2308.14,2318.31,66085416,59719880704
2013-8-30,2315.9,2334.4,2303.61,2313.9,87654512,76695994368
2013-9-2,2319.96,2329.87,2297.45,2320.34,79510248,73575866368
2013-9-3,2326.23,2354.86,2321.3,2354.5,80554008,72663982080
2013-9-4,2352.54,2360.65,2345.43,2350.7,78725760,68509011968
2013-9-5,2350.92,2351.22,2336.75,2341.74,62951384,59606065152
2013-9-6,2336.77,2361.17,2335.92,2357.78,73340112,63916892160
2013-9-9,2374.26,2449.25,2372.68,2440.61,149889632,1.27E+11
2013-9-10,2446.45,2475.2,2435.83,2474.88,154856000,1.31E+11
2013-9-11,2483.79,2504.47,2471.62,2482.88,166914976,1.43E+11
2013-9-12,2480.47,2527.37,2469.72,2507.46,145173168,1.26E+11
2013-9-13,2502.54,2515.78,2481.45,2488.89,110775048,98275008512
2013-9-16,2501.08,2503.68,2467.12,2478.38,105383280,97043841024
2013-9-17,2480.81,2481.71,2426.46,2427.32,99459984,93115105280
2013-9-18,2426.04,2439.62,2407.24,2432.51,71040760,69341323264
2013-9-23,2441.52,2473.15,2439.99,2472.29,80128352,80920690688
2013-9-24,2470.72,2470.75,2420.09,2443.88,97853016,96769835008
2013-9-25,2440.84,2455.04,2423.28,2429.03,90518416,89119219712
2013-9-26,2422.62,2422.62,2382.54,2384.43,86236768,84183924736
2013-9-27,2382.22,2402.2,2379.86,2394.97,65971508,66383990784
2013-9-30,2406.21,2415.07,2397.22,2409.04,59513992,60990140416
2013-10-8,2406.41,2446.7,2392.57,2441.81,84785504,84229906432
2013-10-9,2432.93,2453.75,2424.77,2453.58,76277648,76128337920
2013-10-10,2455.63,2455.98,2422.02,2429.32,90329704,89468018688
2013-10-11,2442.36,2471.16,2439.62,2468.51,93388264,91811545088
2013-10-14,2472.27,2483.12,2462.55,2472.54,100081304,99109158912
2013-10-15,2475.32,2479.12,2449.41,2467.52,89173496,86100819968
2013-10-16,2459.08,2459.08,2409.72,2421.37,88979832,83150848000
2013-10-17,2432.64,2440.91,2407.78,2413.33,71222472,67722891264
2013-10-18,2415.12,2435.71,2410.6,2426.05,60291632,59138752512
2013-10-21,2431.91,2472.79,2423.56,2471.32,84909792,82223144960
2013-10-22,2470.26,2470.26,2439.86,2445.88,90703032,83412049920
2013-10-23,2451.56,2474.37,2412.48,2418.49,91545352,83286777856
2013-10-24,2412.24,2422.93,2395.47,2400.51,64560820,60427235328
2013-10-28,2372.57,2377.25,2351.86,2365.95,62876152,56602099712
2013-10-29,2369.22,2408.62,2327.89,2372.05,106737832,91741560832
2013-10-30,2371.85,2407.85,2365.51,2407.47,92178128,75735064576
2013-10-31,2398.39,2398.39,2370.23,2373.72,82736960,70393880576
2013-11-1,2373.96,2395.01,2365.14,2384.96,63055760,57820024832
2013-11-4,2397.21,2404.89,2376.36,2380.45,51798460,48959463424
2013-11-5,2366.87,2385.68,2343.8,2383.77,62084488,56935550976
2013-11-6,2371.32,2383.54,2352.79,2353.57,63776664,59536871424
2013-11-7,2351.87,2356.66,2328.25,2340.55,54821748,50942570496
2013-11-8,2329.08,2342.66,2306.04,2307.95,53788508,48564998144
2013-11-11,2305.93,2325.23,2295,2315.88,45739456,42566549504
2013-11-12,2319.36,2342.53,2316.6,2340,52687544,49854763008
2013-11-13,2325.36,2325.56,2287.55,2288.12,59848832,53183049728
2013-11-14,2291.27,2305.7,2279.01,2304.5,57310356,51945078784
2013-11-15,2306.55,2377.21,2306.55,2350.73,86391768,83147857920
2013-11-18,2367.87,2429.57,2361.04,2428.89,110034632,1.09E+11
2013-11-19,2427.92,2427.92,2405.08,2412.15,78648296,79884935168
2013-11-20,2428.77,2435.42,2406.41,2424.85,72291800,67741429760
2013-11-21,2412.45,2415.37,2382.87,2409.99,87706680,82220523520
2013-11-22,2415.29,2419,2393.58,2397.96,75000672,70052208640
2013-11-25,2385.78,2418.85,2380.68,2388.62,66144736,63811264512
2013-11-26,2387.83,2399.02,2380.4,2387.41,59185864,53334204416
2013-11-27,2386.36,2422.81,2383.78,2414.48,75294088,70744776704
2013-11-28,2419.14,2460.56,2417.24,2439.53,90660408,86852444160
2013-11-29,2442.67,2446.38,2432.38,2438.93,61803744,61907374080
2013-12-2,2423.97,2464.86,2397.01,2418.79,119655120,1.13E+11
2013-12-3,2410.68,2448.33,2406.65,2442.78,74455752,72045232128
2013-12-4,2439.82,2486.63,2434.68,2475.13,102650232,94783930368
2013-12-5,2476.45,2481.75,2460.58,2468.2,77708928,72999927808
2013-12-6,2463.04,2470.81,2445.62,2452.29,66114088,64843206656
2013-12-9,2460.03,2468.95,2445.93,2450.87,57164884,57634537472
2013-12-10,2456.23,2466.65,2444.53,2453.32,66941424,61236727808
2013-12-11,2440.5,2440.5,2400.74,2412.76,68075144,62808850432
2013-12-12,2406.77,2423.31,2402.77,2410.02,50147720,47481446400
2013-12-13,2388.65,2416.26,2386.25,2406.63,51501196,47583526912
2013-12-16,2408.67,2412.73,2367.42,2367.91,64581672,62107893760
2013-12-17,2369.26,2373.29,2351.17,2356.37,48483888,46306074624
2013-12-18,2356.7,2368.58,2350.45,2357.23,40015208,39675269120
2013-12-19,2366.2,2370.99,2331.18,2332.4,48095680,45148868608
2013-12-20,2335.05,2338.87,2278.1,2278.13,65204208,60862128128
2013-12-23,2283.8,2295.76,2259.57,2284.6,45580284,44415344640
2013-12-24,2291.12,2312.83,2270.24,2288.25,45599168,45173190656
2013-12-25,2291.75,2305.61,2281.6,2305.11,44005328,41202982912
2013-12-26,2299.97,2301.49,2263.91,2265.33,51497564,48603013120
2013-12-27,2268.53,2315.17,2264.38,2303.48,53389156,51197947904
2013-12-30,2313.37,2316.62,2295.63,2299.46,48414308,46156443648
2013-12-31,2289.01,2333.07,2287.12,2330.03,56631072,57026486272
2014-1-2,2323.42,2325.99,2310.64,2321.98,45194292,49012211712
2014-1-3,2311.97,2314.84,2280.88,2290.78,59782644,57739710464
2014-1-6,2286.37,2286.37,2229.33,2238.63,66300404,59979358208
2014-1-7,2222.31,2246.79,2218.64,2238,43753104,42565648384
2014-1-8,2240.63,2262.58,2228.41,2241.9,51348852,50691489792
2014-1-9,2236.97,2258.88,2220.8,2222.22,55987040,54399492096
2014-1-10,2216.52,2224.49,2200.22,2204.85,54169292,47572307968
2014-1-13,2207,2222.07,2183.6,2193.67,50122772,46123003904
2014-1-14,2192.84,2214.12,2179.9,2212.85,54049948,46785101824
2014-1-15,2210.02,2215.89,2193.8,2208.93,48962392,45755916288
2014-1-16,2209.45,2227.26,2201.56,2211.84,52298900,49842782208
2014-1-17,2203.82,2205.97,2175.87,2178.49,50273156,46268157952
2014-1-20,2173.64,2182.46,2156.46,2165.99,40560152,39157227520
2014-1-21,2168.41,2197.91,2168.41,2187.4,40306248,38590992384
2014-1-22,2190.42,2244.12,2187.53,2243.8,70641376,64803356672
2014-1-23,2242.24,2248.91,2228.06,2231.88,56345952,55726415872
2014-1-24,2225.76,2257.36,2222.88,2245.67,61167668,59563446272
2014-1-27,2233.01,2233.23,2211.8,2215.91,70344248,63503990784
2014-1-28,2220.78,2233.26,2205.97,2219.86,53269128,49408753664
2014-1-29,2225.71,2233.06,2219.92,2227.78,50222716,48788684800
2014-1-30,2223.15,2223.15,2200.22,2202.45,43632304,43475959808
2014-2-7,2187.34,2212.5,2177.12,2212.48,50459312,49597108224
2014-2-10,2221.54,2270.18,2221.54,2267.53,83065712,81103241216
2014-2-11,2267.74,2296.52,2262.6,2285.56,99229824,92688965632
2014-2-12,2286.18,2294.32,2276.43,2291.25,76592160,73487376384
2014-2-13,2288.45,2307.47,2278.26,2279.55,96217792,87352123392
2014-2-14,2278.39,2295.85,2274.42,2295.57,67082996,64613326848
2014-2-17,2308.79,2315.58,2293.55,2311.64,87831664,86871351296
2014-2-18,2310.31,2310.31,2276.11,2282.43,87049744,88107270144
2014-2-19,2280.92,2317.41,2274.14,2308.65,99352560,88341897216
2014-2-20,2314.09,2331.7,2286.2,2287.43,106439536,91771592704
2014-2-21,2284.03,2287.87,2250.64,2264.29,76368992,69908185088
2014-2-24,2246.72,2246.72,2194.15,2214.51,89215936,79599149056
2014-2-25,2216.51,2225.21,2150.09,2157.9,93237552,88306573312
2014-2-26,2147.74,2164.7,2137.08,2163.39,77993296,68640579584
2014-2-27,2170.81,2180.06,2150.13,2154.11,90104296,81588002816
2014-2-28,2149.45,2180.47,2133.55,2178.97,76668056,70216802304
2014-3-3,2173.9,2194.22,2167.9,2190.37,82072312,69408743424
2014-3-4,2183.86,2188.6,2161.59,2184.27,73069248,64691437568
2014-3-5,2187.35,2189.09,2159.59,2163.98,61332016,55669678080
2014-3-6,2159.39,2181.42,2136.45,2173.62,69093768,61495025664
2014-3-7,2170.04,2189.38,2161.43,2168.36,64265176,58693177344
2014-3-10,2149.67,2149.67,2095.07,2097.79,71416408,63086411776
2014-3-11,2092.61,2118.79,2088.73,2108.65,57621244,53075783680
2014-3-12,2102.8,2130.59,2090.76,2114.12,70069744,60115238912
2014-3-13,2119.55,2149.43,2115.99,2140.33,69226032,59163095040
2014-3-14,2129.87,2140.37,2109.57,2122.84,58617736,49805246464
2014-3-17,2132.79,2143.2,2118.95,2143.04,52409444,47571288064
2014-3-18,2146.12,2152.46,2134.91,2138.12,55354132,54188441600
2014-3-19,2131.28,2131.28,2101.29,2120.87,59303904,55283945472
2014-3-20,2116.18,2134.79,2086.5,2086.97,67631288,58951602176
2014-3-21,2079.87,2163.23,2077.76,2158.8,104024808,83560513536
2014-3-24,2161.89,2186.73,2150.87,2176.55,104491984,81203912704
2014-3-25,2170.78,2191.49,2164.66,2174.43,86877512,67548475392
2014-3-26,2181.23,2186.08,2165.22,2171.05,58276176,50116022272
2014-3-27,2168.34,2186.88,2146.91,2155.71,71275128,62175858688
2014-3-28,2154.51,2172.66,2144.58,2151.96,70086072,60123340800
2014-3-31,2156.05,2165.25,2134.41,2146.3,55457488,48105021440
2014-4-1,2143.72,2170.1,2141.14,2163.11,48866404,43659063296
2014-4-2,2166.07,2182.67,2164.01,2180.73,65039256,56777150464
2014-4-3,2188.63,2196.13,2160.75,2165.01,71536032,57708859392
2014-4-4,2157.98,2186.14,2155.28,2185.47,47945888,43912626176
2014-4-8,2179.91,2243.97,2178.89,2237.32,97219120,85692891136
2014-4-9,2239.79,2246.79,2228.99,2238.62,66357268,61178630144
2014-4-10,2241.45,2290.74,2229.51,2273.76,114545408,1.02E+11
2014-4-11,2269.56,2281.1,2261.12,2270.66,90615896,86154854400
2014-4-14,2267.93,2275.83,2255.46,2268.61,62265000,60254150656
2014-4-15,2261.4,2261.47,2225.67,2229.46,68218128,62599114752
2014-4-16,2223.47,2245.31,2221.14,2232.53,51678008,47770218496
2014-4-17,2238.78,2241.62,2221.95,2224.8,48333628,45096435712
2014-4-18,2215.87,2228.77,2203.05,2224.48,50757992,45709615104
2014-4-21,2209.93,2231.71,2186.76,2187.25,56278280,51856113664
2014-4-22,2184.02,2196.85,2165.07,2196.8,57094692,52351991808
2014-4-23,2191.23,2205.59,2187.38,2194.66,47763532,45191151616
2014-4-24,2192.77,2209.45,2186.76,2190.47,45058912,41927012352
2014-4-25,2195.81,2201.71,2167.63,2167.83,60245384,52092022784
2014-4-28,2165.77,2171.38,2132.68,2134.97,60485184,49998811136
2014-4-29,2134.4,2159.37,2131.78,2158.47,48204932,41550352384
2014-4-30,2158.76,2164.16,2153.12,2158.65,45334624,39493021696
2014-5-5,2152.59,2161.7,2131.23,2156.47,49344072,41470451712
2014-5-6,2151.38,2173.62,2150.11,2157.33,48086520,41486450688
2014-5-7,2151.47,2153.72,2136.99,2137.32,44607468,37751021568
2014-5-8,2132.04,2168.21,2128.32,2135.5,48332452,40729772032
2014-5-9,2138.84,2141.56,2120.6,2133.9,49181136,40242745344
2014-5-12,2150.31,2184.33,2139.48,2180.05,83472560,66275508224
2014-5-13,2180.06,2185.05,2167.77,2174.85,64912520,50241277952
2014-5-14,2175.09,2184.22,2169,2172.37,48514204,39214125056
2014-5-15,2169.28,2171.45,2142.34,2144.08,46734032,38938529792
2014-5-16,2143.92,2150.5,2132.18,2145.95,42253196,34987585536
2014-5-19,2139.36,2139.36,2105.71,2115.13,42893608,37135949824
2014-5-20,2124.71,2131.57,2110.72,2115.77,37299680,31576338432
2014-5-21,2106.76,2136.1,2096.51,2135.89,38946040,32246808576
2014-5-22,2134.09,2160.9,2128.86,2130.87,46252736,39227547648
2014-5-23,2130.77,2148.58,2128.65,2148.4,37623104,32420020224
2014-5-26,2161.88,2165.41,2147.45,2155.98,39550656,37788483584
2014-5-27,2154.39,2160.03,2145.75,2147.28,35897172,32374255616
2014-5-28,2147.47,2171.16,2142.01,2169.35,50056260,45627621376
2014-5-29,2171.26,2178.09,2154.91,2155.15,44891556,41076912128
2014-5-30,2156.37,2166.9,2146.22,2156.46,43923864,39769198592
2014-6-3,2157.63,2168.99,2149.29,2149.91,41982952,37906227200
2014-6-4,2149.4,2149.45,2117.31,2128.27,41817248,35607023616
2014-6-5,2126.61,2150.92,2123.52,2150.6,36477424,33050775552
2014-6-6,2149.21,2149.78,2123.98,2134.72,35738056,32415600640
2014-6-9,2128.22,2153.89,2126.66,2134.28,39311060,35326730240
2014-6-10,2138.66,2161.53,2132.45,2161.27,50507900,44416139264
2014-6-11,2156.14,2163.61,2152.08,2160.77,42563720,37311082496
2014-6-12,2156.76,2160.99,2148.4,2153.4,43025840,37252042752
2014-6-13,2150.99,2183.63,2150.57,2176.24,59252876,51765510144
2014-6-16,2176.43,2196.34,2174.28,2191.86,63296876,56904298496
2014-6-17,2185.67,2185.67,2168.43,2169.66,49933664,46244978688
2014-6-18,2169.25,2172.55,2158.5,2160.24,49463896,42538094592
2014-6-19,2161.42,2166.4,2119.5,2126.9,53162644,46029746176
2014-6-20,2124.96,2137.03,2120.81,2136.73,42393720,35425714176
2014-6-23,2137.92,2147.23,2132.45,2134.11,41179256,37112430592
2014-6-24,2131.68,2145.21,2130.29,2144.82,40164356,38778503168
2014-6-25,2141.73,2141.73,2126.03,2133.37,37666100,33809315840
2014-6-26,2135.15,2151.11,2134.88,2149.08,44351164,40601837568
2014-6-27,2146.37,2159.53,2138.92,2150.26,52722896,45525671936
2014-6-30,2152.31,2168.22,2152.31,2165.12,54304188,50277572608
2014-7-1,2169.2,2171.14,2157.12,2164.56,53323100,49936285696
2014-7-2,2164,2171.51,2155.61,2170.87,59685500,53273657344
2014-7-3,2169,2184.96,2164.84,2180.18,63690688,56024940544
2014-7-4,2180.43,2183.8,2174.07,2178.68,52851104,47990034432
2014-7-7,2178.55,2186.2,2171.08,2176.29,50242336,47663878144
2014-7-8,2174.83,2180.78,2163.36,2180.47,50743600,46017265664
2014-7-9,2178.13,2178.51,2148.26,2148.71,62022048,58980249600
2014-7-10,2146.6,2151.77,2139.52,2142.85,55732496,50931671040
2014-7-11,2136.32,2154.73,2134.8,2148.01,61374272,51551825920
2014-7-14,2149.54,2171.89,2145.28,2171.76,66158864,60467089408
2014-7-15,2170.09,2176.27,2165.21,2174.98,71815696,64304873472
2014-7-16,2172.82,2183.25,2166.77,2170.87,81560232,61126053888
2014-7-17,2166.83,2166.92,2147.08,2157.07,59453568,46354644992
2014-7-18,2147.65,2176.32,2145.45,2164.13,65473296,53758918656
2014-7-21,2164.22,2171.93,2158.96,2166.3,54172260,47731630080
2014-7-22,2162.43,2197.59,2162.24,2192.7,78542584,66806112256
2014-7-23,2191.38,2210.28,2190.55,2197.83,84213872,69177999360
2014-7-24,2199.83,2239.81,2199.83,2237.01,119435536,99964370944
2014-7-25,2243.07,2260.88,2239.07,2260.45,98972840,81994563584
2014-7-28,2272.37,2331.47,2272.37,2323.89,179869328,1.45E+11
2014-7-29,2326.04,2342.77,2316.22,2331.37,134269632,1.12E+11
2014-7-30,2324.68,2339.04,2316.06,2322.01,123022832,1.03E+11
2014-7-31,2321.97,2350.55,2316.58,2350.25,110987768,93135568896
2014-8-1,2341.23,2371.5,2328.97,2329.39,126317392,1.06E+11
2014-8-4,2336.62,2375.62,2332.13,2375.62,116713752,1.01E+11
2014-8-5,2376.8,2380.77,2353.8,2369.35,111861792,97906974720
2014-8-6,2358.21,2371.66,2334.33,2363.22,116341832,96681295872
2014-8-7,2363.61,2369.2,2326.27,2327.46,116729208,94254456832
2014-8-8,2329.17,2339.27,2319.29,2331.12,86739696,72605663232
2014-8-11,2338.01,2367,2337.01,2365.35,91601168,82973900800
2014-8-12,2361.16,2361.16,2344.72,2357.05,91822608,82973769728
2014-8-13,2358.46,2370.51,2335.68,2358.89,110447792,94185267200
2014-8-14,2357.2,2363.17,2334.08,2335.95,97969488,84251435008
2014-8-15,2337.99,2366.89,2333.12,2360.62,93592544,81888215040
2014-8-18,2366.27,2379.8,2361.2,2374.56,104509552,90148913152
2014-8-19,2378.88,2379.47,2358.97,2374.77,115850016,1.03E+11
2014-8-20,2371.64,2375.47,2360.84,2366.13,101288088,91374804992
2014-8-21,2365.73,2367.46,2333.3,2354.24,100690208,92192063488
2014-8-22,2352.32,2368.46,2350.99,2365.36,89823936,85642461184
2014-8-25,2367.02,2367.61,2338.46,2342.86,97373712,85182496768
2014-8-26,2339.6,2350.38,2317.17,2324.09,93844224,83135029248
2014-8-27,2323.79,2336.74,2322.87,2327.59,67676224,62448676864
2014-8-28,2328.06,2336.36,2309.63,2311.28,70490656,66195968000
2014-8-29,2317.3,2338.77,2313.26,2338.29,63211424,58359967744
2014-9-1,2340.91,2355.55,2338.53,2355.32,77320872,73362243584
2014-9-2,2359.86,2387.65,2349.95,2386.46,114436736,1.07E+11
2014-9-3,2389.68,2414.26,2389.67,2408.84,129734208,1.24E+11
2014-9-4,2411.92,2427.3,2404.08,2426.22,111272296,1.08E+11
2014-9-5,2433.16,2450.62,2427.99,2449.26,133551760,1.23E+11
2014-9-9,2452.23,2454.88,2437.08,2445.22,118194344,1.08E+11
2014-9-10,2435.59,2437.08,2422.64,2432.42,109175520,97472684032
2014-9-11,2430.67,2461.47,2417.27,2423.45,132982584,1.27E+11
2014-9-12,2418.75,2438.36,2412.62,2438.36,109160168,96625762304
2014-9-15,2433,2439.25,2418.96,2437.18,122247160,1.13E+11
2014-9-16,2440.34,2442.91,2386.98,2388.76,186742784,1.47E+11
2014-9-17,2395.36,2405.37,2379.09,2401.33,125269024,98039472128
2014-9-18,2396.37,2414.95,2389.62,2408.65,115926376,92105334784
2014-9-19,2409.31,2430.14,2402.31,2425.21,101813576,88221040640
2014-9-22,2419.33,2419.33,2374.11,2378.91,102240872,88958058496
2014-9-23,2379.52,2402.48,2379.52,2399.46,84033344,75463680000
2014-9-24,2391.41,2443.98,2387.07,2441.86,142713536,1.20E+11
2014-9-25,2453.41,2462.66,2429.59,2436.97,138661888,1.20E+11
2014-9-26,2430.81,2439.64,2420.5,2437.2,100299496,87757381632
2014-9-29,2443.9,2453.66,2435.61,2447.8,123401728,1.11E+11
2014-9-30,2452.16,2454.88,2444.2,2450.99,115804232,1.02E+11
2014-10-8,2460.87,2478.37,2445.27,2478.37,121953600,1.17E+11
2014-10-9,2480.2,2488.11,2461.11,2481.96,137923920,1.21E+11
2014-10-10,2472.1,2482.13,2457.67,2466.79,147634304,1.22E+11
2014-10-13,2457.4,2460.38,2430.55,2454.95,131593360,1.13E+11
2014-10-14,2451.09,2467.89,2436.34,2446.56,127393704,1.06E+11
2014-10-15,2444.54,2465.5,2431.18,2463.87,135801888,1.15E+11
2014-10-16,2448.97,2480.3,2441.82,2444.39,158166608,1.28E+11
2014-10-17,2443.22,2456.11,2410.39,2441.73,132759984,1.13E+11
2014-10-20,2448.45,2456.62,2441.89,2454.71,91435400,84843601920
2014-10-21,2453.4,2459.26,2432.55,2433.38,96241912,86622199808
2014-10-22,2434.88,2447.47,2417.56,2418.63,88656192,82251743232
2014-10-23,2415.43,2424.65,2392.53,2395.93,103491840,86045450240
2014-10-24,2397.85,2404.99,2385.73,2390.71,74974872,65601224704
2014-10-27,2377.54,2377.54,2361.67,2368.83,73862448,65956478976
2014-10-28,2373.15,2416.77,2373.15,2416.64,101523056,90529906688
2014-10-29,2423.81,2461.27,2415.7,2451.37,158584064,1.35E+11
2014-10-30,2450.36,2474.37,2443.76,2468.92,189626352,1.39E+11
2014-10-31,2473.5,2512.18,2466.5,2508.32,239172416,1.82E+11
2014-11-3,2515.82,2524.16,2502.06,2512.55,205801232,1.51E+11
2014-11-4,2511.04,2517.46,2498.61,2513.16,218247008,1.55E+11
2014-11-5,2516.87,2519.39,2499.23,2503.45,190491856,1.46E+11
2014-11-6,2505.16,2510.99,2482.98,2506.07,149651120,1.19E+11
2014-11-7,2508.77,2541.55,2489.41,2502.14,208760912,1.77E+11
2014-11-10,2529.83,2565.73,2514.71,2565.73,226599728,1.88E+11
2014-11-11,2578.43,2602.37,2532.57,2558.61,323711648,2.66E+11
2014-11-12,2545.39,2594.32,2539.6,2594.32,184686256,1.58E+11
2014-11-13,2597.38,2607.52,2567.46,2579.75,219815616,1.93E+11
2014-11-14,2569.21,2581.92,2557.66,2581.09,165049968,1.45E+11
2014-11-17,2613.51,2614.09,2565.93,2567.1,158478096,1.48E+11
2014-11-18,2565.27,2570.21,2534.92,2541.41,142941360,1.24E+11
2014-11-19,2538.23,2550.5,2531.32,2537.22,122146976,1.13E+11
2014-11-20,2528.78,2545.47,2522.84,2537.1,106149864,98145542144
2014-11-21,2537.54,2585.36,2530.03,2583.46,151028144,1.44E+11
2014-11-24,2614.15,2667.66,2602.93,2649.26,279839712,2.65E+11
2014-11-25,2650.09,2686.06,2643.84,2685.56,222611696,2.07E+11
2014-11-26,2695.26,2723.36,2690.31,2723.02,243962480,2.39E+11
2014-11-27,2737.03,2754.49,2718.7,2754.49,265464736,2.61E+11
2014-11-28,2753.92,2809.54,2740.37,2808.82,375323648,3.30E+11
2014-12-1,2825.61,2855.33,2808.64,2819.81,365487424,3.39E+11
2014-12-2,2807.34,2944.51,2804.29,2923.93,361465312,3.41E+11
2014-12-3,2936.12,3028.23,2912.25,2967.55,466156672,4.65E+11
2014-12-4,2975.39,3104.88,2968.87,3104.35,426812928,4.34E+11
2014-12-5,3143.97,3195.8,3011.93,3124.88,524881248,5.54E+11
2014-12-8,3108.27,3270.87,3075.7,3252.87,484462336,5.16E+11
2014-12-9,3233.1,3387.83,3074.52,3106.9,632874560,7.02E+11
2014-12-10,3120.21,3229.05,3058.18,3221.55,425018720,4.77E+11
2014-12-11,3185.15,3254.41,3158.43,3183.01,367091680,3.93E+11
2014-12-12,3182.91,3239.45,3167.92,3193.23,301065312,3.38E+11
2014-12-15,3176.83,3226.22,3143.3,3217.23,290193824,3.27E+11
2014-12-16,3221.36,3303.39,3207.68,3303.39,358123840,4.26E+11
2014-12-17,3325.82,3368.18,3275.74,3360.6,448140768,5.28E+11
2014-12-18,3359.09,3393.71,3322.23,3345.92,355970208,4.16E+11
2014-12-19,3345.62,3397.17,3280.91,3383.16,411211584,4.36E+11
2014-12-22,3396.25,3455.21,3357.65,3394.48,549801664,5.37E+11
2014-12-23,3358.8,3431.78,3316.9,3324.91,369736096,3.77E+11
2014-12-24,3332.14,3340.36,3188.5,3230.38,317449600,3.39E+11
2014-12-25,3254.48,3335.78,3226.32,3335.41,309799552,3.30E+11
2014-12-26,3343.63,3453.34,3335.01,3445.84,384614112,4.39E+11
2014-12-29,3502.17,3524.28,3405.84,3455.46,425015040,5.05E+11
2014-12-30,3450.81,3482.52,3422.16,3476.43,259308624,3.15E+11
2014-12-31,3462.38,3542.34,3452.5,3533.71,345934752,4.04E+11
2015-1-5,3566.09,3669.04,3551.51,3641.54,451198112,5.20E+11
2015-1-6,3608.42,3683.23,3587.23,3641.06,420962176,4.99E+11
2015-1-7,3620.91,3671.18,3601.7,3643.79,320191232,3.99E+11
2015-1-8,3650.07,3659.95,3552.1,3559.26,295003040,3.56E+11
2015-1-9,3547.57,3689.75,3536.39,3546.72,349982656,4.30E+11
2015-1-12,3531.52,3560.53,3461.32,3513.58,266567168,3.34E+11
2015-1-13,3506.45,3550.15,3494.77,3514.04,187153968,2.51E+11
2015-1-14,3522.9,3547.24,3471.56,3502.41,196012512,2.41E+11
2015-1-15,3501.72,3604.12,3482.27,3604.12,237812336,3.03E+11
2015-1-16,3616.25,3662.15,3601.26,3635.14,282681600,3.56E+11
2015-1-19,3414.01,3497.25,3330.98,3355.15,329505280,3.66E+11
2015-1-20,3336.79,3419.2,3325.67,3396.22,297843232,3.82E+11
2015-1-21,3420.49,3557.79,3409.42,3548.88,337928224,4.25E+11
2015-1-22,3551.05,3576.76,3520.05,3567.61,268853600,3.45E+11
2015-1-23,3582.09,3627.81,3548.62,3571.73,280172160,3.62E+11
2015-1-26,3580.12,3611.62,3559.37,3607.99,239766208,3.10E+11
2015-1-27,3614.04,3616.26,3510.02,3574.92,287669184,3.58E+11
2015-1-28,3547.24,3583.31,3512.38,3525.32,216220208,2.79E+11
2015-1-29,3474.91,3505.58,3453.89,3481.8,211618864,2.52E+11
2015-1-30,3496.88,3514.22,3431.93,3434.38,196479152,2.37E+11
2015-2-2,3360.18,3407.26,3347.09,3353.96,195183696,2.25E+11
2015-2-3,3388.6,3441.71,3360.72,3437.45,192846096,2.41E+11
2015-2-4,3446.13,3476.82,3399.57,3401.77,191304352,2.44E+11
2015-2-5,3487.95,3487.95,3366.86,3366.95,250430608,3.12E+11
2015-2-6,3352.33,3374.05,3285.93,3312.41,192664192,2.21E+11
2015-2-9,3305.73,3376.53,3298.6,3345.91,172353824,2.21E+11
2015-2-10,3345.08,3407.17,3339.55,3406.93,159309088,1.99E+11
2015-2-11,3415.98,3445.65,3412.13,3434.12,144613776,1.86E+11
2015-2-12,3435.36,3453.58,3405.62,3442.87,156081696,1.91E+11
2015-2-13,3458.83,3509.51,3452.08,3469.83,201089968,2.47E+11
2015-2-16,3473.29,3504.48,3466.61,3499.48,165641344,2.23E+11
2015-2-17,3511.54,3536.82,3511.09,3522.32,165328320,2.14E+11
2015-2-25,3529.55,3529.55,3463.96,3478.73,165539344,2.12E+11
2015-2-26,3473.71,3569.33,3456.87,3566.3,229328432,2.80E+11
2015-2-27,3565.23,3594.81,3560.46,3572.84,222786432,2.72E+11
2015-3-2,3603.45,3608.68,3566.53,3601.27,248176128,3.25E+11
2015-3-3,3579.32,3579.32,3504.2,3507.89,261866496,3.36E+11
2015-3-4,3514.66,3540.9,3497.16,3530.82,199663984,2.57E+11
2015-3-5,3513.25,3517.08,3467.67,3496.34,217508800,2.79E+11
2015-3-6,3501.17,3516.24,3472.38,3478.52,181518048,2.33E+11
2015-3-9,3449.7,3546.71,3417.49,3537.75,233940416,2.78E+11
2015-3-10,3523.63,3551.21,3511.99,3520.61,194267664,2.45E+11
2015-3-11,3524.58,3568.91,3512.22,3524.64,188947824,2.36E+11
2015-3-12,3557.68,3603.34,3536.53,3592.84,265664624,3.22E+11
2015-3-13,3604.66,3641.38,3594.74,3617.65,246864768,2.97E+11
2015-3-16,3641.77,3705.74,3621.12,3705.66,275438304,3.58E+11
2015-3-17,3733.96,3762.58,3716.81,3757.12,371625664,4.55E+11
2015-3-18,3769.09,3846.06,3763.85,3846.06,415190016,4.84E+11
2015-3-19,3851.25,3859.12,3809.71,3839.74,391547616,4.63E+11
2015-3-20,3852.49,3916.86,3832.41,3892.57,401817536,5.44E+11
2015-3-23,3923.08,3972.3,3922.21,3972.06,391119936,5.20E+11
2015-3-24,3980.07,3989.86,3883.78,3973.05,468581312,5.91E+11
2015-3-25,3961.58,3980.72,3913.99,3940.4,379968864,5.02E+11
2015-3-26,3921.75,3992,3892.87,3950,346756320,4.69E+11
2015-3-27,3957.54,3993.03,3932.87,3971.7,298756064,3.93E+11
2015-3-30,3999.02,4101.64,3999.02,4088.17,428297024,5.46E+11
2015-3-31,4138.89,4166.02,4037.77,4051.2,436065632,5.98E+11
2015-4-1,4057.5,4139.5,4046.93,4123.89,329512864,4.67E+11
2015-4-2,4149.95,4156.83,4068.64,4124.77,339070496,4.77E+11
2015-4-3,4104.66,4170.56,4092.37,4170.54,321303776,4.67E+11
2015-4-7,4213.89,4260.47,4197.02,4260.04,415362656,5.65E+11
2015-4-8,4277.45,4304.77,4204.83,4295.79,458676704,6.58E+11
2015-4-9,4316.96,4332.16,4212.6,4262.14,439699904,6.50E+11
2015-4-10,4249.37,4351.68,4231.2,4344.41,348190176,5.09E+11
2015-4-13,4394.04,4432.02,4361.58,4421.06,434153024,5.99E+11
2015-4-14,4432.12,4474.35,4385.91,4438.18,434432128,6.02E+11
2015-4-15,4439.31,4476,4379.6,4380.5,472154144,5.97E+11
2015-4-16,4355.49,4513.77,4335.62,4513.54,422603744,5.65E+11
2015-4-17,4578.68,4630.27,4553.89,4596.14,552802688,7.34E+11
2015-4-20,4615.02,4671.16,4492.6,4521.91,686439040,9.39E+11
2015-4-21,4520.46,4620.06,4504.56,4619.16,490314976,6.85E+11
2015-4-22,4637.06,4740.93,4632.58,4739.81,516213792,7.70E+11
2015-4-23,4764.48,4782.04,4693.97,4740.89,497430944,7.52E+11
2015-4-24,4682.62,4730.43,4618.31,4702.64,480152928,7.21E+11
2015-4-27,4753.87,4810.48,4735.31,4807.58,513076544,7.66E+11
2015-4-28,4811.31,4839.08,4703.56,4741.85,608638528,8.60E+11
2015-4-29,4722.89,4797.93,4695.79,4774.33,395056992,6.02E+11
2015-4-30,4788.41,4818.73,4749.48,4749.89,399727456,6.13E+11
2015-5-4,4757.64,4795.91,4699.39,4787.74,377843840,5.65E+11
2015-5-5,4785.18,4785.18,4572.98,4596.83,460419616,6.60E+11
2015-5-6,4626.23,4700.91,4511.75,4553.33,376073696,5.86E+11
2015-5-7,4520.81,4546.33,4467.46,4470.08,297759200,4.27E+11
2015-5-8,4515.54,4559.06,4445.58,4558.39,302407968,4.52E+11
2015-5-11,4582.08,4690.95,4535.14,4690.52,373838432,5.83E+11
2015-5-12,4692.12,4748,4660.02,4747.41,377053888,6.07E+11
2015-5-13,4746.71,4758,4678.85,4718.43,370730432,5.90E+11
2015-5-14,4717.96,4735.27,4670.16,4700.77,337725152,5.13E+11
2015-5-15,4690.75,4690.75,4592.04,4617.47,328431168,5.07E+11
2015-5-18,4582.06,4623.37,4565.06,4575.14,269180480,4.34E+11
2015-5-19,4577.64,4740,4577.64,4731.22,314785952,5.24E+11
2015-5-20,4751.56,4843.1,4745.21,4754.91,363180736,5.90E+11
2015-5-21,4768.68,4841.6,4746.02,4840.98,305054528,5.05E+11
2015-5-22,4895.91,4951.99,4870.6,4951.33,455846720,7.19E+11
2015-5-25,4949.1,5099.83,4949.1,5099.49,465736576,7.57E+11
2015-5-26,5140.79,5199.29,5063.14,5198.91,487949344,8.02E+11
2015-5-27,5216.16,5226.83,5126.85,5181.43,470798720,7.78E+11
2015-5-28,5174.1,5213.18,4831.33,4834,571829056,8.73E+11
2015-5-29,4839.52,4924.29,4665.52,4840.83,427878848,6.36E+11
2015-6-1,4862.75,5079.31,4835.77,5076.18,417503744,6.38E+11
2015-6-2,5091.27,5162.56,5047.08,5161.87,412973184,6.58E+11
2015-6-3,5176.6,5186.97,5059.49,5143.58,414258272,6.72E+11
2015-6-4,5156,5194.23,4863.47,5181.41,482767264,7.35E+11
2015-6-5,5254.91,5288.33,5104.18,5230.54,545961216,8.55E+11
2015-6-8,5259.41,5370.6,5202.58,5353.75,637313216,9.49E+11
2015-6-9,5379.47,5380.43,5251.21,5317.46,570427264,8.71E+11
2015-6-10,5254.29,5374.83,5209.68,5309.1,442165664,7.12E+11
2015-6-11,5305.14,5329.29,5248.16,5306.58,392338752,6.61E+11
2015-6-12,5329.27,5351.64,5283.08,5335.12,430131392,6.94E+11
2015-6-15,5354,5362.45,5207.31,5221.16,475745696,7.66E+11
2015-6-16,5165.02,5204.29,5015.25,5064.81,411675648,6.52E+11
2015-6-17,5072.31,5158.37,4949.29,5138.83,397124192,5.90E+11
2015-6-18,5107.68,5121.22,4926.43,4930.54,364395808,5.56E+11
2015-6-19,4847.06,4910.45,4634.68,4637.04,358104736,5.20E+11
2015-6-23,4641.41,4786.96,4455.33,4786.08,365087936,5.37E+11
2015-6-24,4811.58,4883.73,4744.31,4880.12,434638720,6.15E+11
2015-6-25,4906.24,4919.25,4667.22,4706.52,446135968,6.40E+11
2015-6-26,4573.87,4650.18,4278.68,4336.18,446639776,6.13E+11
2015-6-29,4446.83,4451.16,4000.92,4191.54,525662496,7.04E+11
2015-6-30,4161.06,4475.77,4016.01,4473,527045280,7.16E+11
2015-7-1,4408.98,4526.12,4235.7,4253.02,431721408,6.23E+11
2015-7-2,4287.73,4312.18,4000.06,4108,457062208,5.94E+11
2015-7-3,4017.2,4164.62,3785.89,3885.91,429300864,5.38E+11
2015-7-6,4218.27,4218.27,3832.47,3998.54,648094528,7.80E+11
2015-7-7,3877.85,3960.63,3743.62,3928,679385024,7.96E+11
2015-7-8,3651.06,3762.62,3612.25,3663.04,581467136,6.40E+11
2015-7-9,3621.67,3930.26,3537.83,3897.62,503870624,5.65E+11
2015-7-10,3916.27,4179.1,3887.55,4106.56,500701792,6.29E+11
2015-7-13,4132.23,4278.16,4072.42,4211.81,502092192,6.59E+11
2015-7-14,4178.62,4258.5,4062.5,4112.14,454422016,5.98E+11
2015-7-15,4068.87,4114.24,3899.51,3966.76,421956352,5.14E+11
2015-7-16,3949.63,4067.02,3856.32,3997.36,330531360,4.10E+11
2015-7-17,4023.76,4190.18,4000.23,4151.5,331107136,4.36E+11
2015-7-20,4157.06,4221.68,4106.39,4160.6,352673472,4.83E+11
2015-7-21,4109.75,4201.48,4081.7,4166,318374944,4.32E+11
2015-7-22,4148.56,4187.43,4094.71,4157.16,318945984,4.42E+11
2015-7-23,4158.93,4262.06,4148.81,4250.81,354471744,4.84E+11
2015-7-24,4255.2,4299.64,4154.62,4176.27,392045376,5.36E+11
2015-7-27,4097.79,4156.31,3817.16,3818.73,365054496,4.78E+11
2015-7-28,3690.97,3883.45,3627.41,3811.09,383527232,4.83E+11
2015-7-29,3839.96,3934,3769.18,3930.37,276972832,3.72E+11
2015-7-30,3915.78,3968.53,3802.87,3815.4,271548672,3.76E+11
2015-7-31,3777.14,3863.62,3757.99,3816.7,222376768,2.99E+11
2015-8-3,3766.07,3829.24,3742.58,3829.24,245805024,3.10E+11
2015-8-4,3827.37,3948.45,3801.03,3948.15,220236560,2.89E+11
2015-8-5,3937.62,3962.28,3858.65,3866.89,200484272,2.73E+11
2015-8-6,3802.92,3888.68,3793.24,3831.85,147278688,1.96E+11
2015-8-7,3866.42,3926.64,3857.9,3906.93,183349152,2.47E+11
2015-8-10,3947.47,4101.73,3932.84,4084.36,306780544,4.02E+11
2015-8-11,4083.59,4110.12,4042,4066.66,322034176,4.17E+11
2015-8-12,4025.66,4078.03,4015.35,4016.12,255146192,3.40E+11
2015-8-13,4010.01,4075.7,3967.82,4075.46,242836976,3.20E+11
2015-8-14,4097.91,4113.16,4056.73,4073.54,253392992,3.40E+11
2015-8-17,4058.11,4081.77,4009.99,4077.87,256939632,3.37E+11
2015-8-18,4084.31,4103.04,3816.55,3825.4,319881056,4.25E+11
2015-8-19,3748.27,3898.74,3668.18,3886.13,269049824,3.41E+11
2015-8-20,3848.39,3880.82,3761.45,3761.45,212167968,2.71E+11
2015-8-21,3714.29,3757.78,3578.16,3589.54,217986400,2.67E+11
2015-8-24,3454.6,3468.14,3266.55,3275.53,255436656,2.73E+11
2015-8-25,3070.01,3200.11,3019.56,3042.92,276081312,2.81E+11
2015-8-26,3062.57,3192.92,2952.01,3025.68,308270624,3.12E+11
2015-8-27,3092.81,3206.72,3028.39,3205.63,267294928,2.79E+11
2015-8-28,3246.24,3353.24,3223.62,3342.29,299498432,3.19E+11
2015-8-31,3307.39,3368.28,3205.54,3366.54,280250400,3.07E+11
2015-9-1,3296.53,3370.5,3190.58,3362.08,352458528,3.51E+11
2015-9-2,3220.85,3387.02,3213.63,3365.83,347789408,3.49E+11
2015-9-7,3347.29,3422.22,3240.24,3250.49,204224432,2.22E+11
2015-9-8,3221.79,3340.22,3170.81,3334.02,154599632,1.68E+11
2015-9-9,3344.82,3426.64,3330.29,3399.31,220467424,2.59E+11
2015-9-10,3349.28,3398.32,3337.31,3357.56,144882976,1.68E+11
2015-9-11,3349.87,3383.12,3315.48,3347.18,108547504,1.30E+11
2015-9-14,3367.63,3373.91,3187.57,3281.12,205457248,2.26E+11
2015-9-15,3208.74,3240.08,3131.98,3152.23,143555648,1.46E+11
2015-9-16,3149.15,3345.91,3131.37,3309.25,159710000,1.68E+11
2015-9-17,3287.65,3354.9,3237,3237,169401888,1.90E+11
2015-9-18,3254.43,3280.87,3227.83,3251.27,106903480,1.22E+11
2015-9-21,3222.6,3312.55,3211.92,3308.25,122788672,1.45E+11
2015-9-22,3312.37,3371.4,3303.17,3339.03,146221984,1.72E+11
2015-9-23,3290.07,3315.93,3253.33,3263.03,123171440,1.37E+11
2015-9-24,3278.89,3300.86,3255.89,3285,102011240,1.21E+11
2015-9-25,3272.66,3290.86,3201.9,3231.95,121419280,1.38E+11
2015-9-28,3226.61,3246.55,3186.51,3242.75,74219472,88007467008
2015-9-29,3197.22,3208.41,3159.04,3178.85,87150632,96691511296
2015-9-30,3195.89,3223.9,3186.77,3202.95,78559352,95881601024
2015-10-8,3324.98,3337.33,3294.6,3296.48,132081768,1.64E+11
2015-10-9,3302.36,3352.37,3293.97,3340.12,124352496,1.45E+11
2015-10-12,3351.13,3486.62,3347.25,3447.68,221400464,2.64E+11
2015-10-13,3422.48,3452.05,3413.97,3445.04,145433792,1.75E+11
2015-10-14,3431.13,3458.7,3403.23,3406.11,152173936,1.75E+11
2015-10-15,3403.38,3486.82,3402.32,3486.82,171158304,2.02E+11
2015-10-16,3508.52,3537.54,3487.1,3534.07,208964704,2.52E+11
2015-10-19,3548.95,3572.99,3502.5,3534.17,207606752,2.55E+11
2015-10-20,3527.87,3577.8,3510.43,3577.7,179025104,2.27E+11
2015-10-21,3580.84,3601.24,3417.4,3473.25,282076064,3.27E+11
2015-10-22,3453.2,3530.77,3442.31,3524.53,184305584,2.24E+11
2015-10-23,3536.84,3581.84,3515.82,3571.24,198294480,2.47E+11
2015-10-26,3614.7,3620.76,3561.18,3589.26,204248864,2.70E+11
2015-10-27,3569.45,3601.05,3486.1,3592.87,192056144,2.39E+11
2015-10-28,3575.8,3598.16,3517.21,3524.91,170977104,2.13E+11
2015-10-29,3539.98,3561.81,3507.97,3533.31,127010448,1.61E+11
2015-10-30,3530.22,3574.47,3497.57,3534.08,139141920,1.83E+11
2015-11-2,3489.23,3543.45,3474.71,3475.96,130002568,1.67E+11
2015-11-3,3484.72,3501.7,3452.62,3465.49,101401872,1.32E+11
2015-11-4,3477.15,3628.54,3477.15,3628.54,205423872,2.67E+11
2015-11-5,3630.78,3781.4,3627.3,3705.97,398046560,4.95E+11
2015-11-6,3698.34,3801.71,3694.65,3793.37,298753088,3.90E+11
2015-11-9,3796.37,3891.77,3796.37,3840.35,356804832,4.63E+11
2015-11-10,3806.66,3876.49,3798.82,3833.24,286519616,3.81E+11
2015-11-11,3828.45,3843.11,3781.4,3833.64,232234304,3.07E+11
2015-11-12,3841.74,3843.89,3771.27,3795.32,217537648,3.02E+11
2015-11-13,3756.2,3793.71,3727.58,3746.24,203489888,2.82E+11
2015-11-16,3682.73,3764.4,3680.07,3764.12,161690896,2.27E+11
2015-11-17,3790.42,3852.77,3750.15,3758.38,248533072,3.65E+11
2015-11-18,3760.46,3771.85,3706.31,3715.58,185689488,2.54E+11
2015-11-19,3725.62,3775.23,3714.66,3774.97,154631984,2.05E+11
2015-11-20,3778.87,3793.54,3757.03,3774.37,186951696,2.42E+11
2015-11-23,3774.43,3802.85,3743.4,3753.34,175626816,2.35E+11
2015-11-24,3745.76,3754.16,3702.74,3753.88,143383280,1.92E+11
2015-11-25,3747.76,3781.86,3735.72,3781.61,151944944,2.15E+11
2015-11-26,3795.25,3805.84,3756.82,3759.42,173525472,2.40E+11
2015-11-30,3554.88,3587.97,3455.07,3566.4,173201168,2.20E+11
2015-12-1,3562.32,3617.31,3536.12,3591.7,136536560,1.77E+11
2015-12-2,3587.76,3725.85,3573.39,3721.95,213538864,2.61E+11
2015-12-3,3709.55,3758.45,3693.13,3749.3,197762128,2.37E+11
2015-12-4,3719.73,3726.12,3667.29,3677.59,151199520,1.96E+11
2015-12-7,3681.58,3699.34,3658.58,3687.61,113883152,1.61E+11
2015-12-8,3668.84,3668.84,3619.43,3623.02,125781080,1.63E+11
2015-12-9,3613.41,3655.15,3611.49,3635.93,113325424,1.54E+11
2015-12-10,3634.37,3678.32,3615.99,3623.08,120215624,1.69E+11
2015-12-11,3605.37,3630.74,3578.14,3608.06,110322480,1.45E+11
2015-12-14,3573.87,3712.5,3571,3711.32,151769120,2.03E+11
2015-12-15,3707.73,3717.36,3679.23,3694.38,126481712,1.87E+11
2015-12-16,3703.95,3713.09,3677.45,3685.43,111342720,1.60E+11
2015-12-17,3712.78,3768.84,3709.85,3755.88,177924080,2.43E+11
2015-12-18,3754.96,3810.22,3750.92,3767.9,173465984,2.32E+11
2015-12-21,3762.1,3877.82,3759.99,3865.96,217435280,2.90E+11
2015-12-22,3872.1,3880.47,3841.59,3876.73,180303664,2.44E+11
2015-12-23,3877.87,3926.68,3862.96,3866.37,207017152,2.95E+11
2015-12-24,3858.12,3867.67,3787.08,3829.39,147181392,2.04E+11
2015-12-25,3832.08,3848.02,3813.2,3838.2,119624016,1.63E+11
2015-12-28,3847.53,3853.38,3727.62,3727.62,153988448,2.10E+11
2015-12-29,3723.05,3762.05,3710.48,3761.87,101885552,1.40E+11
2015-12-30,3762.9,3765.65,3726.28,3765.17,105629952,1.56E+11
2015-12-31,3760.89,3772.62,3727.32,3731,101873552,1.45E+11
2016-1-4,3725.86,3726.24,3468.95,3469.07,115370672,1.46E+11
2016-1-5,3382.17,3518.22,3377.28,3478.78,162116992,1.96E+11
2016-1-6,3482.4,3543.74,3468.47,3539.81,145966144,1.61E+11
2016-1-7,3481.14,3481.14,3284.74,3294.37,44102640,47130796032
2016-1-8,3371.87,3418.85,3237.92,3361.56,185959456,2.03E+11
2016-1-11,3303.12,3342.48,3192.45,3192.45,174638384,1.84E+11
2016-1-13,3240.48,3257.3,3155.87,3155.87,120666496,1.31E+11
2016-1-14,3076.63,3226.65,3072.04,3221.57,134537664,1.45E+11
2016-1-15,3200.88,3216.8,3101.05,3118.73,124601776,1.32E+11
2016-1-18,3068.23,3165.62,3066.73,3130.73,101128384,1.09E+11
2016-1-19,3132.7,3227.9,3119.22,3223.12,127653896,1.43E+11
2016-1-20,3204.22,3225.95,3154.42,3174.37,130650504,1.43E+11
2016-1-21,3136.37,3202.54,3081.35,3081.35,111189736,1.22E+11
2016-1-22,3114.89,3132.16,3053.96,3113.46,89951088,96885669888
2016-1-25,3129.03,3149.33,3105.1,3128.88,81540064,85777891328
2016-1-26,3099.6,3106.53,2934.64,2940.51,126933920,1.27E+11
2016-1-27,2953.17,2963.54,2839.29,2930.35,132229368,1.27E+11
2016-1-28,2909.33,2941.88,2841.84,2853.76,99222752,95663874048
2016-1-29,2855.6,2965.31,2854.37,2946.09,113304256,1.09E+11
2016-2-1,2939.04,2944.52,2869.56,2901.05,86795344,82931449856
2016-2-2,2901.53,2972.42,2901.51,2961.33,88601960,88740233216
2016-2-3,2931.29,2954.71,2909.89,2948.63,77389000,74817093632
2016-2-4,2960.33,2999.21,2960.21,2984.76,91779728,91550343168
2016-2-5,2982.06,2988.36,2962.85,2963.79,76850808,77443219456
2016-2-15,2888.42,2961.49,2886.02,2946.71,72919432,71285047296
2016-2-16,2962.18,3042.09,2962.18,3037.04,112579640,1.12E+11
2016-2-17,3034.09,3065.78,3027.05,3063.32,128291608,1.22E+11
2016-2-18,3079.53,3093.51,3049.84,3053.7,124401464,1.23E+11
2016-2-19,3047.93,3065.97,3032.62,3051.59,87338016,90849345536
2016-2-22,3083.92,3128.21,3071.33,3118.87,140946976,1.42E+11
2016-2-23,3117.2,3119.22,3061.42,3089.36,112567392,1.17E+11
2016-2-24,3077.61,3109.55,3055.25,3109.55,111782648,1.13E+11
2016-2-25,3104.4,3104.43,2905.46,2918.75,157829760,1.53E+11
2016-2-26,2942.1,2964.38,2902.95,2948.03,106949728,1.03E+11
2016-2-29,2939.58,2939.87,2821.21,2877.47,129341024,1.18E+11
2016-3-1,2881.34,2950.43,2863.32,2930.68,116045920,1.10E+11
2016-3-2,2933.91,3054.72,2933.12,3051.33,175972352,1.64E+11
2016-3-3,3050.38,3078.43,3040.25,3058.41,173105744,1.66E+11
2016-3-4,3047.54,3101.65,3032.41,3093.88,219172528,2.06E+11
2016-3-7,3109,3130.89,3083.58,3104.84,132462040,1.28E+11
2016-3-8,3100.14,3109.25,3001.83,3107.66,136235744,1.29E+11
2016-3-9,3045.91,3072.91,3020.12,3071.9,111466248,1.06E+11
2016-3-10,3056.21,3074.15,3012.68,3013.14,76072200,78180466688
2016-3-11,2990.21,3026.43,2982.16,3018.28,73333568,74367295488
2016-3-14,3039.57,3106.8,3034,3065.68,117108656,1.24E+11
2016-3-15,3061.34,3077.08,3028.58,3074.78,98311944,1.01E+11
2016-3-16,3068.87,3100.35,3064.52,3090.03,124736448,1.26E+11
2016-3-17,3096.81,3147.84,3077.57,3124.2,121661776,1.37E+11
2016-3-18,3136.22,3197.66,3130.1,3171.96,197302560,2.10E+11
2016-3-21,3203.29,3267.78,3198.36,3249.43,233269472,2.57E+11
2016-3-22,3231.61,3249.67,3218.73,3225.79,161020896,1.94E+11
2016-3-23,3217.73,3242.25,3202.98,3236.09,125679288,1.56E+11
2016-3-24,3211.5,3221.9,3181.81,3181.85,133131120,1.62E+11
2016-3-25,3176.81,3204.43,3174.32,3197.82,97395328,1.15E+11
2016-3-28,3206.95,3229.62,3161.87,3169.73,103441936,1.24E+11
2016-3-29,3171.31,3178.07,3122.76,3135.4,97294744,1.14E+11
2016-3-30,3161.29,3216.67,3161.29,3216.28,117802512,1.41E+11
2016-3-31,3229.2,3241.92,3208.65,3218.09,121552072,1.47E+11
2016-4-1,3213.66,3222.61,3165.86,3221.88,118122136,1.27E+11
2016-4-5,3211.3,3271.92,3205.21,3264.49,146047776,1.59E+11
2016-4-6,3250.52,3267.63,3236.2,3257.53,120196304,1.37E+11
2016-4-7,3266.29,3270.82,3208.63,3209.29,112409464,1.28E+11
2016-4-8,3189.85,3197.77,3163.31,3185.73,101005624,1.14E+11
2016-4-11,3213.51,3251.57,3213.51,3230.1,125212712,1.43E+11
2016-4-12,3227.37,3232.26,3198.89,3218.45,92869440,99086557184
2016-4-13,3237.86,3296.52,3237.86,3261.37,195613872,2.00E+11
2016-4-14,3277.1,3286.07,3252.05,3275.83,113157328,1.18E+11
2016-4-15,3279.86,3282.98,3261.73,3272.21,99807528,1.08E+11
2016-4-18,3252.66,3252.66,3221.65,3228.45,97090072,1.04E+11
2016-4-19,3243.97,3250.73,3221.58,3238.3,80871440,90976239616
2016-4-20,3244.13,3248.41,3107.37,3181.03,162207856,1.72E+11
2016-4-21,3160.8,3198.56,3150.93,3160.6,104752648,1.10E+11
2016-4-22,3142.56,3175.37,3137.99,3174.89,77078496,82442919936
2016-4-25,3164.74,3172.27,3137.11,3162.03,67519352,74734845952
2016-4-26,3159.77,3181.1,3150.39,3179.15,59020736,68871553024
2016-4-27,3181.92,3188.83,3162.68,3165.91,60004148,70620405760
2016-4-28,3169.33,3174.77,3135.63,3160.58,69870656,78876770304
2016-4-29,3153.54,3171.29,3149.39,3156.75,58029776,70807707648
2016-5-3,3159.82,3218.49,3151.39,3213.54,98164832,1.16E+11
2016-5-4,3203.47,3222.87,3198.29,3209.46,90862408,97797136384
2016-5-5,3204.16,3217.28,3196.57,3213.91,74733680,83946496000
2016-5-6,3213.13,3216.88,3130.14,3130.35,108680240,1.19E+11
2016-5-9,3115.42,3115.42,3055.01,3065.62,99230480,1.00E+11
2016-5-10,3055.21,3084.72,3055.17,3069.11,68849936,70650765312
2016-5-11,3080.63,3102.87,3063.09,3082.81,81794256,87323410432
2016-5-12,3059.37,3095.35,3035.02,3090.13,78765728,81418788864
2016-5-13,3081.67,3103.1,3064.68,3074.93,62629756,65850994688
2016-5-16,3064.53,3095.56,3053.65,3095.31,59461856,64405200896
2016-5-17,3095.52,3105.2,3073.46,3086.02,65278124,75389386752
2016-5-18,3071.53,3072.61,3039.46,3068.04,82715368,88458846208
2016-5-19,3060.34,3086.98,3058.14,3062.5,60444168,68679061504
2016-5-20,3047.78,3078.53,3041.52,3078.22,56080840,65124249600
2016-5-23,3078.52,3098.48,3076.5,3087.22,59697216,70337511424
2016-5-24,3083.24,3083.26,3052.59,3063.56,58734384,61106016256
2016-5-25,3079.75,3089.1,3054.87,3059.23,56652804,63316561920
2016-5-26,3056.6,3072.52,3027.43,3064.21,60392980,65985183744
2016-5-27,3059.73,3073.76,3052.17,3062.5,60468752,59371778048
2016-5-30,3056.31,3075.26,3037.65,3066.71,63098580,63496564736
2016-5-31,3068.6,3170.92,3068.6,3169.56,138863104,1.51E+11
2016-6-1,3172.96,3181.79,3159.82,3160.55,113148480,1.32E+11
2016-6-2,3158.03,3168.82,3151.07,3167.1,86003424,97093623808
2016-6-3,3172.95,3201.75,3162.09,3189.33,101491784,1.36E+11
2016-6-6,3192.78,3197.22,3168.55,3178.79,76693752,1.01E+11
2016-6-7,3182.43,3186.62,3168.17,3177.05,68928312,88711618560
2016-6-8,3171.81,3174.97,3148.35,3163.99,76291776,97682792448
2016-6-13,3134.05,3145.61,3065.77,3066.34,92975944,1.14E+11
2016-6-14,3058.43,3078.75,3055.65,3075.98,66279456,78622302208
2016-6-15,3043.96,3128.66,3042.23,3116.37,87393256,1.06E+11
2016-6-16,3104.36,3112.48,3089.48,3094.66,82974704,93496238080
2016-6-17,3096.09,3131.05,3096.09,3110.36,85402984,97953390592
2016-6-20,3114.9,3118.73,3089.71,3112.66,63587140,74647805952
2016-6-21,3124.89,3155.49,3097.93,3106.32,87965344,1.07E+11
2016-6-22,3100.45,3134.06,3096.99,3133.96,66487112,81348714496
2016-6-23,3129.72,3129.72,3102.48,3117.32,67751736,81732550656
2016-6-24,3110.64,3130.54,3033.97,3077.15,104792208,1.19E+11
2016-6-27,3065.12,3120.63,3064.97,3120.54,83267256,1.04E+11
2016-6-28,3107.39,3139.42,3099.7,3136.39,92024640,1.17E+11
2016-6-29,3142.48,3158.08,3139.12,3151.38,103723664,1.18E+11
2016-6-30,3152.83,3163.72,3148.2,3153.91,79692616,1.01E+11
2016-7-1,3156.92,3170.26,3148.29,3154.2,71746280,91215028224
2016-7-4,3136.38,3210.6,3134.02,3204.7,133310528,1.50E+11
2016-7-5,3199.15,3216.7,3198,3207.37,130226896,1.44E+11
2016-7-6,3197.62,3217.52,3183.45,3216.8,124897456,1.47E+11
2016-7-7,3206.55,3220.54,3190.12,3209.95,118595200,1.40E+11
2016-7-8,3199.75,3204.92,3183.96,3192.28,89734856,1.11E+11
2016-7-11,3199.04,3235.96,3197.62,3203.33,138529504,1.55E+11
2016-7-12,3201.9,3273.47,3200.3,3273.17,172534224,1.91E+11
2016-7-13,3274.02,3300.99,3271.78,3282.87,175196096,1.97E+11
2016-7-14,3277.48,3281.95,3259.07,3276.76,107525800,1.28E+11
2016-7-15,3278.84,3285.03,3265.29,3276.28,102665024,1.25E+11
2016-7-18,3269.71,3281.63,3251.77,3262.02,110312520,1.30E+11
2016-7-19,3260.42,3264.73,3226.2,3248.23,88886864,1.07E+11
2016-7-20,3246.86,3254.51,3232.26,3237.61,72701256,91367448576
2016-7-21,3238.34,3271.37,3238.3,3252.52,86004824,1.07E+11
2016-7-22,3251.24,3253.77,3220.88,3225.15,86029128,1.07E+11
2016-7-25,3220.16,3243.79,3218.13,3230.88,70203184,92015845376
2016-7-26,3228.23,3269.75,3228.01,3269.59,81051088,1.04E+11
2016-7-27,3270.08,3276.51,3157.4,3218.24,160188672,1.87E+11
2016-7-28,3204.46,3235.78,3195.27,3221.13,112779968,1.37E+11
2016-7-29,3217.18,3225.41,3198.67,3203.92,88044840,1.04E+11
2016-8-1,3196.42,3199.98,3156.75,3176.81,87003496,98818637824
2016-8-2,3173.76,3189.05,3165.54,3189.05,62167640,70640762880
2016-8-3,3179.67,3197.15,3173.54,3193.51,72864104,79754321920
2016-8-4,3190.55,3201.55,3170.41,3201.29,73504376,86919593984
2016-8-5,3201.35,3224.87,3192.86,3205.11,77196368,94429544448
2016-8-8,3199.57,3234.48,3187.25,3234.17,86676048,1.03E+11
2016-8-9,3232.6,3257.33,3229.16,3256.98,91065256,1.06E+11
2016-8-10,3255.17,3261.86,3242.75,3243.34,90430368,1.06E+11
2016-8-11,3239.56,3274.03,3232.61,3233.36,101041216,1.17E+11
2016-8-12,3231.81,3294.23,3231.13,3294.23,116254048,1.29E+11
2016-8-15,3303.47,3417.9,3302.37,3393.41,220543424,2.59E+11
2016-8-16,3403.37,3418.68,3372.02,3378.25,196389744,2.27E+11
2016-8-17,3377.77,3394.38,3356.91,3373.05,138847680,1.68E+11
2016-8-18,3369.95,3394.79,3349.68,3364.49,142380176,1.72E+11
2016-8-19,3358.56,3374.05,3341.18,3365.02,119961504,1.35E+11
2016-8-22,3364.67,3372.83,3335.47,3336.79,107951008,1.28E+11
2016-8-23,3332.62,3359.64,3324.96,3341.83,92924512,1.09E+11
2016-8-24,3341.92,3348.12,3323.73,3329.86,81191432,94012833792
2016-8-25,3314.08,3315.08,3279.81,3308.97,100589152,1.13E+11
2016-8-26,3312.5,3328.95,3301.74,3307.09,81530688,93213204480
2016-8-29,3306.57,3315.08,3297.07,3307.78,77036336,88011644928
2016-8-30,3310.32,3325.12,3304.6,3311.99,75725984,89513017344
2016-8-31,3310.57,3333.97,3304.65,3327.79,79570808,99215040512
2016-9-1,3326.74,3329.35,3301.21,3301.58,84947216,1.01E+11
2016-9-2,3298.72,3320.42,3295.76,3314.11,82791800,99396378624
2016-9-5,3321.01,3338.41,3314.62,3319.67,78292480,87531085824
2016-9-6,3322.02,3347.95,3300.12,3342.62,98284000,1.18E+11
2016-9-7,3344.07,3357.36,3337.75,3340.82,102940104,1.15E+11
2016-9-8,3338.01,3343.39,3328.23,3339.56,71916160,83742343168
2016-9-9,3339.37,3344.95,3318.04,3318.04,82657040,95471190016
2016-9-12,3271.87,3276.72,3234.57,3262.6,122917680,1.34E+11
2016-9-13,3265.34,3269.22,3246.38,3260.33,67180288,76862644224
2016-9-14,3245.74,3255,3231.34,3238.73,70432696,79780749312
2016-9-19,3242.74,3264.89,3242.74,3263.12,58831080,67678031872
2016-9-20,3264.65,3265.04,3252.38,3257.39,52784208,61626150912
2016-9-21,3257.71,3270.89,3254.32,3266.63,59142980,68957741056
2016-9-22,3281.47,3303.2,3277.98,3291.12,75753544,89991757824
2016-9-23,3292.28,3293.91,3275.03,3275.66,57993984,68046258176
2016-9-26,3267.68,3267.68,3220.28,3220.28,70452184,78700838912
2016-9-27,3214.87,3240.78,3214.43,3240.75,58460552,66651131904
2016-9-28,3243.64,3243.64,3228,3230.88,44727496,51996405760
2016-9-29,3234.86,3257.77,3234.8,3244.38,55452556,62220304384
2016-9-30,3240.17,3260.93,3239.04,3253.28,44978024,52655734784
2016-10-10,3265.36,3294.63,3258.96,3293.87,80519264,89607987200
2016-10-11,3296.87,3308,3292.87,3306.56,87713160,88213422080
2016-10-12,3299.13,3302.56,3289.75,3300.01,68669784,72386912256
2016-10-13,3299.15,3307.4,3292.39,3302.64,81224200,79923748864
2016-10-14,3298.73,3306.68,3285.73,3305.85,82316272,81485594624
2016-10-17,3305.96,3309.01,3271.54,3277.87,86113512,88199421952
2016-10-18,3272.67,3321.33,3272.67,3321.33,102860712,1.05E+11
2016-10-19,3323.3,3332.52,3309.83,3316.24,101167728,96354443264
2016-10-20,3317.17,3324.89,3312.16,3318.6,79238872,82481094656
2016-10-21,3315.72,3341.56,3309.17,3327.74,109785176,1.07E+11
2016-10-24,3332.51,3382.83,3330.97,3367.58,153014352,1.50E+11
2016-10-25,3367.48,3373.9,3356.59,3367.45,111191696,1.11E+11
2016-10-26,3365.2,3367.83,3349.57,3354.8,98024784,1.05E+11
2016-10-27,3351.46,3352.35,3335.12,3345.7,77629848,85241012224
2016-10-28,3347.13,3370.75,3337.29,3340.12,93133312,1.05E+11
2016-10-31,3332.4,3340.47,3317.33,3336.28,71352864,80701816832
2016-11-1,3338.71,3359.38,3334.46,3359.05,74938200,84717682688
2016-11-2,3350.71,3356.39,3331.37,3333.35,91197104,1.00E+11
2016-11-3,3326.89,3379.99,3324.84,3365.09,126223504,1.37E+11
2016-11-4,3362.21,3377.63,3348.42,3354.16,104069656,1.11E+11
2016-11-7,3353.43,3362.74,3342.31,3356.59,99877984,94370873344
2016-11-8,3367.7,3383.91,3361.12,3371.12,103148280,1.05E+11
2016-11-9,3370.6,3373.1,3322.08,3353.05,139110064,1.45E+11
2016-11-10,3374.9,3403.02,3374.9,3390.61,134705536,1.33E+11
2016-11-11,3387.95,3422.66,3382.88,3417.22,198781504,1.91E+11
2016-11-14,3409.22,3452.62,3408.13,3430.25,213247104,2.08E+11
2016-11-15,3428.87,3434.91,3415.99,3429.87,134566320,1.35E+11
2016-11-16,3432.42,3435.63,3419.24,3429.59,129808512,1.29E+11
2016-11-17,3423.47,3437.66,3412.87,3436.54,121561728,1.22E+11
2016-11-18,3437.49,3443.12,3413.27,3417.46,115951208,1.17E+11
2016-11-21,3412.64,3463.13,3412.08,3441.11,146434528,1.48E+11
2016-11-22,3443.22,3469.22,3443.22,3468.36,168523440,1.67E+11
2016-11-23,3473.88,3492.96,3465.76,3474.73,162388512,1.71E+11
2016-11-24,3468.81,3508.15,3467.01,3488.74,145746304,1.65E+11
2016-11-25,3490.04,3521.3,3463.95,3521.3,153621504,1.67E+11
2016-11-28,3538.67,3553.36,3528.32,3535.08,207375488,2.20E+11
2016-11-29,3525.89,3583.72,3521.37,3564.04,236918352,2.48E+11
2016-11-30,3557.63,3567.07,3527.02,3538,178560176,1.91E+11
2016-12-1,3543.96,3575.97,3543.25,3565.04,180170768,2.00E+11
2016-12-2,3559.77,3562.55,3516.79,3528.95,196355488,2.04E+11
2016-12-5,3473.68,3496.87,3457.34,3469.4,180852352,1.90E+11
2016-12-6,3466.24,3477.59,3456.81,3459.14,115529088,1.26E+11
2016-12-7,3458.37,3475.75,3445.76,3475.75,114345104,1.15E+11
2016-12-8,3481.81,3484.34,3466.51,3470.13,117383920,1.19E+11
2016-12-9,3464.87,3507.92,3461.76,3493.7,150303312,1.53E+11
2016-12-12,3489.27,3495.8,3400.79,3409.17,187467744,1.99E+11
2016-12-13,3394.21,3416.21,3370.6,3405.04,121105096,1.24E+11
2016-12-14,3399.4,3412.28,3378.27,3378.95,124007744,1.26E+11
2016-12-15,3363.86,3378.04,3327.13,3340.42,114960656,1.22E+11
2016-12-16,3335.36,3356.29,3330.49,3346.03,90775424,98112208896
2016-12-19,3342.34,3344.86,3325,3328.98,81640680,86095691776
2016-12-20,3328.3,3329.1,3289.27,3309.06,87569592,88527347712
2016-12-21,3313.75,3342.48,3313.75,3338.54,108254992,1.06E+11
2016-12-22,3335.12,3340.36,3322.72,3335.66,92277248,92564881408
2016-12-23,3333.39,3334.88,3300.87,3307.6,97444712,99575472128
2016-12-26,3293.22,3322.41,3267.05,3322.39,89793984,95493218304
2016-12-27,3319.21,3330.23,3315.83,3316.38,75486360,79617130496
2016-12-28,3315.75,3320.55,3293.16,3301.88,69000440,71759839232
2016-12-29,3297.04,3312.11,3288.1,3297.76,70087920,75972960256
2016-12-30,3302.6,3313.55,3295.75,3310.08,71744112,76921372672
2017-1-3,3313.95,3345.26,3313.95,3342.23,86567896,87612768256
2017-1-4,3340.56,3369.57,3338.14,3368.31,90050824,98014355456
2017-1-5,3368.34,3373.4,3361.46,3367.79,88336360,91189338112
2017-1-6,3366.85,3368.87,3346.88,3347.66,87459112,91072258048
2017-1-7,3345.75,3366.22,3344.35,3363.89,83707944,87916118016
2017-1-8,3361.63,3370.51,3354.09,3358.27,83819160,82533965824
2017-1-9,3355.8,3366.62,3334.3,3334.5,91071440,86750453760
2017-1-10,3332.68,3343.12,3315.96,3317.62,81239136,75031887872
2017-1-11,3317.96,3338.16,3309.37,3319.9,84180592,84556103680
2017-1-12,3314.14,3322.78,3264.21,3319.45,157779136,1.53E+11
2017-1-13,3305.6,3327.37,3292.2,3326.36,69453328,74754506752
2017-1-14,3323.34,3350.96,3320.4,3339.37,70623224,75680677888
2017-1-15,3330.95,3346.5,3324.67,3329.29,66159808,63869710336
2017-1-16,3326.98,3358.4,3326.37,3354.88,65300464,70831325184
2017-1-17,3359.05,3378.74,3355.85,3364.08,75557496,76492660736
2017-1-18,3363.13,3371.32,3355.89,3364.45,66194224,66049650688
2017-1-19,3361.65,3376.43,3357.22,3375.89,58376932,62483394560
2017-1-20,3378.26,3395.87,3378.26,3387.96,65316648,66488819712
2017-1-21,3390.93,3392.48,3362.57,3364.49,55188860,57113853952
2017-1-22,3368.11,3381.33,3358.75,3373.21,68521360,73408135168
2017-1-23,3371.77,3376.71,3354.63,3365.68,63754464,69758181376
2017-1-24,3361.78,3383.69,3347.43,3383.29,75402880,82869739520
2017-1-25,3381.9,3406.59,3379.79,3396.29,97558512,1.02E+11
2017-1-26,3398.32,3422.33,3398.03,3413.49,123768720,1.22E+11
2017-1-27,3416.92,3439.54,3416.87,3436.28,120144536,1.25E+11
2017-1-28,3438.51,3440.67,3424.4,3435.8,94809464,98537168896
2017-1-29,3435.39,3448.03,3417.08,3421.71,127643336,1.25E+11
2017-1-30,3421.83,3440.93,3418.35,3440.93,108276960,1.02E+11
2017-1-31,3443.62,3457.56,3419.61,3421.44,114600032,1.18E+11
2017-2-1,3421.64,3472.6,3421.64,3471.39,132628864,1.35E+11
2017-2-2,3475.06,3490.09,3472.02,3482.82,114842008,1.21E+11
2017-2-3,3483.2,3489.95,3473.52,3489.76,102815992,1.09E+11
2017-2-4,3487.57,3492.96,3460.12,3473.32,99536328,1.07E+11
2017-2-5,3468.96,3473.85,3455.25,3473.85,95535136,99875168256
2017-2-6,3471.13,3472.84,3441.39,3446.22,98672160,1.07E+11
2017-2-7,3445.03,3460.91,3441.36,3452.81,75215264,81979310080
2017-2-8,3452.21,3472.7,3449.11,3458.44,103260352,1.09E+11
2017-2-9,3463.48,3468.47,3434,3435.1,89898080,97876189184
2017-2-10,3424.66,3428.88,3412.83,3427.86,80994656,90009616384
2017-2-11,3427.25,3449.03,3425.9,3446.48,83070880,95178547200
2017-2-12,3446.16,3454.04,3440.06,3453.96,80334720,94483824640
2017-2-13,3452.2,3457.04,3441.26,3448.73,79587688,89124904960
2017-2-14,3442.9,3443.05,3414.68,3426.94,84570384,90090045440
2017-2-15,3423.98,3436.24,3423.94,3427.89,70016200,82161713152
2017-2-16,3425.67,3458.1,3412.69,3458.1,91684128,1.08E+11
2017-2-17,3456.66,3465.39,3448.9,3456.69,77077960,95317565440
2017-2-18,3452.21,3463.92,3445.27,3463.64,79104952,94056259584
2017-2-19,3472.27,3492.13,3472.27,3481.51,106333912,1.25E+11
2017-2-20,3485.31,3488.5,3441.47,3445.81,103755560,1.22E+11
2017-2-21,3449.05,3454.06,3429.83,3449.61,88734320,1.04E+11
2017-2-22,3449.77,3466.7,3445.64,3466.35,87707856,1.14E+11
2017-2-23,3450.75,3464.33,3433.5,3450.05,104935896,1.24E+11
2017-2-24,3452.41,3470.82,3435.69,3461.98,94318064,1.16E+11
2017-2-25,3464.2,3499.32,3461.11,3489.6,125645832,1.42E+11
2017-2-26,3488.76,3505.98,3474.52,3478.04,107015376,1.24E+11
2017-2-27,3480.25,3482.29,3461.47,3469.81,84194816,97495941120
2017-2-28,3472.97,3483.06,3455.55,3465.19,104851704,1.15E+11
2017-3-1,3461.62,3467.3,3422.37,3436.76,116376920,1.22E+11
2017-3-2,3434.82,3456.31,3430.82,3456.05,91577488,1.01E+11
2017-3-3,3476.42,3504.54,3475.15,3503.89,143399024,1.61E+11
2017-3-4,3507.99,3517.78,3495.72,3514.05,136767008,1.45E+11
2017-3-5,3514.45,3526.82,3506.39,3517.46,140293200,1.45E+11
2017-3-6,3519.46,3522.8,3502.08,3505.14,141887376,1.56E+11
2017-3-7,3503.83,3520.13,3466.14,3517.33,165945824,1.89E+11
2017-3-8,3514.57,3523.1,3498,3509.44,181824544,2.02E+11
2017-3-9,3500.28,3518.44,3496.57,3514.57,129981816,1.33E+11
2017-3-10,3516.81,3517.47,3476.95,3486.5,135474080,1.30E+11
2017-3-11,3475.74,3480.57,3453.68,3479.94,117164960,1.24E+11
2017-3-12,3474.89,3489.08,3462.63,3462.74,110927824,1.27E+11
2017-3-13,3452.99,3459.35,3418.51,3445.88,121349264,1.27E+11
2017-3-14,3444.52,3465.61,3440.72,3461.55,114184208,1.34E+11
2017-3-15,3461.39,3475.56,3449.54,3466.79,104419112,1.15E+11
2017-3-16,3458.23,3458.23,3403.98,3431.26,114660792,1.23E+11
2017-3-17,3427.73,3449.67,3422.65,3440.97,94072144,1.08E+11
2017-3-18,3440.25,3466.57,3439.15,3445.18,111940032,1.31E+11
2017-3-19,3435.1,3449.27,3399.54,3446.72,123298424,1.35E+11
2017-3-20,3439.57,3439.9,3417.24,3439.75,101632352,1.14E+11
2017-3-21,3427.92,3436.31,3418.67,3426.58,92797464,1.02E+11
2017-3-22,3421.76,3432.22,3403.08,3413.13,91669624,97854119936
2017-3-23,3404.94,3421.4,3391.28,3413.36,74619392,75529248768
2017-3-24,3393.48,3395.45,3366.56,3382.55,109895336,1.17E+11
2017-3-25,3369.11,3374.16,3339.57,3358.81,123749288,1.27E+11
2017-3-26,3342.6,3358.05,3327.59,3352.53,76771664,85528829952
2017-3-27,3350.65,3369.43,3336,3337.7,92082624,1.02E+11
2017-3-28,3322.95,3359.6,3312.89,3356.65,109252888,1.12E+11
2017-3-29,3350.94,3387.27,3349.17,3385.38,93386464,97522122752
2017-3-30,3391.59,3406.58,3391.59,3399.19,82977608,92183330816
2017-3-31,3390.93,3428.85,3373.55,3428.65,105242416,1.13E+11
2017-4-1,3423.19,3433.97,3408.15,3409.97,99736840,1.11E+11
2017-4-2,3387.67,3409.93,3383.94,3398.11,85759592,88091164672
2017-4-3,3395.23,3405.94,3392.38,3403.85,71473528,78397079552
2017-4-4,3400.59,3424.18,3391.17,3411.24,92539560,99021119488
2017-4-5,3405.03,3434.77,3401.53,3424.19,116911032,1.27E+11
2017-4-6,3409.72,3424.17,3383.89,3424.17,83553160,92620046336
2017-4-7,3414.4,3490.42,3413.22,3485.66,130721632,1.37E+11
2017-4-8,3479.62,3498.31,3473.04,3480.43,103241152,1.13E+11
2017-4-9,3495.07,3515.08,3474.92,3492.88,104829744,1.16E+11
2017-4-10,3485.22,3499.81,3476.43,3497.74,103127728,1.16E+11
2017-4-11,3491.59,3498.12,3470.2,3486.51,82668008,92850749440
2017-4-12,3480.17,3484.12,3462.31,3468.75,79738152,85609463808
2017-4-13,3464.38,3492.88,3460.45,3492.88,64089388,77868793856
2017-4-14,3493.88,3537.09,3491.13,3533.87,104419968,1.24E+11
2017-4-15,3531.24,3562.27,3528.18,3560.98,90224904,1.12E+11
2017-4-16,3561.24,3590.89,3560.63,3576.17,101188264,1.22E+11
2017-4-17,3570.22,3603.69,3565.9,3574.39,90381168,1.18E+11
2017-4-18,3569.16,3584.41,3559.21,3582.27,75177136,94223081472
2017-4-19,3571.25,3571.25,3530.27,3535.3,83810784,1.06E+11
2017-4-20,3530.75,3542.28,3508.95,3528.79,82632536,1.06E+11
2017-4-21,3522.97,3536.14,3514.39,3518.76,76452704,91462287360
2017-4-22,3520.06,3554.91,3520.06,3553.67,79797144,98572361728
2017-4-23,3560.79,3563.7,3539.51,3546.49,80509560,98187591680
2017-4-24,3567.13,3587.99,3545.57,3587.96,87859824,1.17E+11
2017-4-25,3583.56,3635.53,3581.34,3590.34,135526992,1.69E+11
2017-4-26,3583.44,3623.24,3569.32,3622.88,105129136,1.34E+11
2017-4-27,3627.02,3671.94,3627.02,3668.09,134638000,1.71E+11
2017-4-28,3665.58,3676.53,3648.76,3674.72,97558704,1.23E+11
2017-4-29,3664.16,3672.19,3644.03,3646.17,97920856,1.24E+11
2017-4-30,3649.25,3669.13,3644.73,3668.83,85589496,1.12E+11
2017-5-1,3654.73,3669.76,3646.23,3666.8,81510032,1.02E+11
2017-5-2,3667.23,3667.6,3633.78,3650.85,88820864,1.15E+11
2017-5-3,3646.83,3646.85,3611.69,3619.98,95071416,1.25E+11
2017-5-4,3611.9,3660.73,3610.46,3659.68,88232424,1.20E+11
2017-5-5,3654.56,3666.77,3629.56,3660.1,102379248,1.33E+11
2017-5-6,3647.64,3657.11,3631.87,3655.93,103735496,1.23E+11
2017-5-7,3647.94,3667.85,3641.53,3653.69,120591912,1.41E+11
2017-5-8,3646.88,3701.21,3645.99,3670.81,118760824,1.45E+11
2017-5-9,3672.63,3691.58,3640.59,3658.82,122287792,1.43E+11
2017-5-10,3656.35,3690.48,3652.57,3686.92,125669552,1.46E+11
2017-5-11,3682.62,3703.09,3672.74,3703.09,105514008,1.21E+11
2017-5-12,3700.62,3716.47,3621.37,3663.56,178821600,1.96E+11
2017-5-13,3648.49,3667.54,3622.04,3667.18,124622056,1.41E+11
2017-5-14,3660.87,3731.05,3658.2,3729.75,182477792,1.98E+11
2017-5-15,3725.14,3750.19,3723.07,3747.88,142410032,1.69E+11
2017-5-16,3738.18,3751.69,3722.07,3728.6,117941224,1.41E+11
2017-5-17,3724.38,3755.19,3719.85,3743.47,134868720,1.55E+11
2017-5-18,3742.64,3752.16,3713.28,3719.56,121672056,1.34E+11
2017-5-19,3700.86,3716.69,3672.5,3712.19,145002912,1.62E+11
2017-5-20,3703.49,3725.54,3696.78,3721.89,111411392,1.26E+11
2017-5-21,3722.43,3746.52,3713.66,3737.87,148429040,1.61E+11
2017-5-22,3738.74,3770.4,3737.1,3770.38,152546544,1.73E+11
2017-5-23,3768.19,3784.35,3759.28,3760.85,172293376,1.89E+11
2017-5-24,3755.11,3766.35,3718.44,3727.83,146153952,1.65E+11
2017-5-25,3724.72,3738.73,3707,3707.58,157470064,1.68E+11
2017-5-26,3701.22,3730.78,3689.96,3726.79,124231528,1.34E+11
2017-5-27,3724.33,3737.33,3718.81,3732.21,137241920,1.46E+11
2017-5-28,3728.03,3739,3713.57,3731.04,124679992,1.37E+11
2017-5-29,3724.96,3746.86,3688.18,3715.92,130085128,1.48E+11
2017-5-30,3687.93,3700.49,3645.09,3647.35,150387424,1.61E+11
2017-5-31,3651.38,3698.37,3651.38,3694.68,115308448,1.40E+11
2017-6-1,3695.78,3719.29,3692.28,3706.06,106444856,1.25E+11
2017-6-2,3701.13,3707.14,3679.73,3701.42,104134144,1.27E+11
2017-6-3,3707.07,3722.62,3704.41,3721.28,108656248,1.37E+11
2017-6-4,3707.19,3733.49,3700.41,3724.67,96561704,1.23E+11
2017-6-5,3731.84,3744.26,3728.62,3740.99,100313072,1.24E+11
2017-6-6,3745.75,3758.29,3734.56,3752.3,100292856,1.31E+11
2017-6-7,3747.61,3772.46,3741.72,3756.09,104961576,1.24E+11
2017-6-8,3755.89,3765.71,3729.09,3734.65,89947376,1.08E+11
2017-6-9,3736.29,3795.97,3736.29,3795.75,129940896,1.51E+11
2017-6-10,3805.66,3866.94,3805.66,3842.71,185576320,2.36E+11
2017-6-11,3839.18,3847.93,3825.76,3834.54,128227072,1.59E+11
2017-6-12,3834.27,3854.71,3827.86,3834.3,141352864,1.66E+11
2017-6-13,3835.84,3840.2,3800.89,3822.09,132944936,1.57E+11
2017-6-14,3825.34,3843.62,3818.16,3830.54,158645504,1.83E+11
2017-6-15,3828.54,3847.09,3813.55,3845.62,149566320,1.76E+11
2017-6-16,3845.55,3865.29,3841.95,3857.05,124964152,1.46E+11
2017-6-17,3846.75,3858.25,3831.38,3849.45,131398720,1.56E+11
2017-6-18,3851.69,3858.16,3828.84,3829.87,123884184,1.56E+11
2017-6-19,3830.07,3843.02,3813.98,3825.99,106036504,1.35E+11
2017-6-20,3828.34,3850.74,3817.51,3825.65,123884000,1.55E+11
2017-6-21,3832.24,3849.39,3822,3837.93,144190240,1.88E+11
2017-6-22,3835.55,3847.78,3822.94,3842.61,95410784,1.26E+11
2017-6-23,3843.57,3854.49,3820.09,3829.96,115358584,1.43E+11
2017-6-24,3826.14,3843.3,3818.52,3831.3,122427008,1.53E+11
2017-6-25,3832.96,3862.36,3832.96,3843.14,117934408,1.53E+11
2017-6-26,3849.88,3857.3,3820.29,3832.12,112432984,1.46E+11
2017-6-27,3830.15,3850.94,3827.89,3842.44,101129544,1.35E+11
2017-6-28,3843.26,3860.8,3837.38,3837.82,111098192,1.44E+11
2017-6-29,3826.46,3842.25,3816.82,3837.73,100619800,1.28E+11
2017-6-30,3829.22,3835.39,3811.12,3817.79,103948976,1.36E+11
2017-7-1,3810.33,3821.69,3808.38,3820.78,81869408,1.01E+11
2017-7-2,3818.96,3832.57,3818.81,3821.2,85655808,1.09E+11
2017-7-3,3821.59,3827.33,3813.75,3825.53,66300064,84831723520
2017-7-4,3646.83,3646.85,3611.69,3619.98,95071416,1.25E+11
2017-7-5,3611.9,3660.73,3610.46,3659.68,88232424,1.20E+11
2017-7-6,3654.56,3666.77,3629.56,3660.1,102379248,1.33E+11
2017-7-7,3647.64,3657.11,3631.87,3655.93,103735496,1.23E+11
2017-7-10,3647.94,3667.85,3641.53,3653.69,120591912,1.41E+11
2017-7-11,3646.88,3701.21,3645.99,3670.81,118760824,1.45E+11
2017-7-12,3672.63,3691.58,3640.59,3658.82,122287792,1.43E+11
2017-7-13,3656.35,3690.48,3652.57,3686.92,125669552,1.46E+11
2017-7-14,3682.62,3703.09,3672.74,3703.09,105514008,1.21E+11
2017-7-17,3700.62,3716.47,3621.37,3663.56,178821600,1.96E+11
2017-7-18,3648.49,3667.54,3622.04,3667.18,124622056,1.41E+11
2017-7-19,3660.87,3731.05,3658.2,3729.75,182477792,1.98E+11
2017-7-20,3725.14,3750.19,3723.07,3747.88,142410032,1.69E+11
2017-7-21,3738.18,3751.69,3722.07,3728.6,117941224,1.41E+11
2017-7-24,3724.38,3755.19,3719.85,3743.47,134868720,1.55E+11
2017-7-25,3742.64,3752.16,3713.28,3719.56,121672056,1.34E+11
2017-7-27,3700.86,3716.69,3672.5,3712.19,145002912,1.62E+11
2017-7-28,3703.49,3725.54,3696.78,3721.89,111411392,1.26E+11
2017-7-31,3722.43,3746.52,3713.66,3737.87,148429040,1.61E+11
2017-8-1,3738.74,3770.4,3737.1,3770.38,152546544,1.73E+11
2017-8-2,3768.19,3784.35,3759.28,3760.85,172293376,1.89E+11
2017-8-3,3755.11,3766.35,3718.44,3727.83,146153952,1.65E+11
2017-8-4,3724.72,3738.73,3707,3707.58,157470064,1.68E+11
2017-8-7,3701.22,3730.78,3689.96,3726.79,124231528,1.34E+11
2017-8-8,3724.33,3737.33,3718.81,3732.21,137241920,1.46E+11
2017-8-9,3728.03,3739,3713.57,3731.04,124679992,1.37E+11
2017-8-10,3724.96,3746.86,3688.18,3715.92,130085128,1.48E+11
2017-8-11,3687.93,3700.49,3645.09,3647.35,150387424,1.61E+11
2017-8-14,3651.38,3698.37,3651.38,3694.68,115308448,1.40E+11
2017-8-15,3695.78,3719.29,3692.28,3706.06,106444856,1.25E+11
2017-8-16,3701.13,3707.14,3679.73,3701.42,104134144,1.27E+11
2017-8-17,3707.07,3722.62,3704.41,3721.28,108656248,1.37E+11
2017-8-18,3707.19,3733.49,3700.41,3724.67,96561704,1.23E+11
2017-8-21,3731.84,3744.26,3728.62,3740.99,100313072,1.24E+11
2017-8-22,3745.75,3758.29,3734.56,3752.3,100292856,1.31E+11
2017-8-23,3747.61,3772.46,3741.72,3756.09,104961576,1.24E+11
2017-8-24,3755.89,3765.71,3729.09,3734.65,89947376,1.08E+11
2017-8-25,3736.29,3795.97,3736.29,3795.75,129940896,1.51E+11
2017-8-28,3805.66,3866.94,3805.66,3842.71,185576320,2.36E+11
2017-8-29,3839.18,3847.93,3825.76,3834.54,128227072,1.59E+11
2017-8-30,3834.27,3854.71,3827.86,3834.3,141352864,1.66E+11
2017-8-31,3835.84,3840.2,3800.89,3822.09,132944936,1.57E+11
2017-9-1,3825.34,3843.62,3818.16,3830.54,158645504,1.83E+11
2017-9-4,3828.54,3847.09,3813.55,3845.62,149566320,1.76E+11
